Workbook

Sheet output.csv
A1: Strategy | B1: Turns | C1: TimesSped | D1: Jail | E1: Go | F1: Mediterranean Avenue | G1: Community Chest1 | H1: Baltic Avenue | I1: Income Tax | J1: Reading Railroad | K1: Oriental Avenue | L1: Chance1 | M1: Vermont Avenue | N1: Connecticut Avenue | O1: Just Visiting | P1: St. Charles Place | Q1: Electric Company | R1: States Avenue | S1: Virginia Avenue | T1: Pennsylvania Railroad | U1: St. James Place | V1: Community Chest2 | W1: Tennessee Avenue | X1: New York Avenue | Y1: Free Parking | Z1: Kentucky Avenue | AA1: Chance2 | AB1: Indiana Avenue | AC1: Illinois Avenue | AD1: B. & O. Railroad | AE1: Atlantic Avenue | AF1: Ventnor Avenue | AG1: Water Works | AH1: Marvin Gardens | AI1: Go To Jail | AJ1: Pacific Avenue | AK1: North Carolina Avenue | AL1: Community Chest3 | AM1: Pennsylvania Avenue | AN1: Short Line | AO1: Chance3 | AP1: Park Place | AQ1: Luxury Tax | AR1: Boardwalk
A2: Escapes | B2: 1000 | C2: 50 | D2: 75 | E2: 31 | F2: 16 | G2: 16 | H2: 23 | I2: 20 | J2: 23 | K2: 22 | L2: 5 | M2: 19 | N2: 18 | O2: 21 | P2: 25 | Q2: 17 | R2: 25 | S2: 31 | T2: 22 | U2: 28 | V2: 33 | W2: 28 | X2: 29 | Y2: 31 | Z2: 20 | AA2: 10 | AB2: 28 | AC2: 33 | AD2: 36 | AE2: 19 | AF2: 36 | AG2: 31 | AH2: 20 | AI2: 0 | AJ2: 25 | AK2: 38 | AL2: 21 | AM2: 19 | AN2: 18 | AO2: 15 | AP2: 21 | AQ2: 25 | AR2: 27
A3: Escapes | B3: 1000 | C3: 46 | D3: 80 | E3: 18 | F3: 21 | G3: 17 | H3: 24 | I3: 21 | J3: 29 | K3: 15 | L3: 14 | M3: 23 | N3: 16 | O3: 24 | P3: 25 | Q3: 15 | R3: 22 | S3: 31 | T3: 28 | U3: 28 | V3: 32 | W3: 31 | X3: 38 | Y3: 27 | Z3: 21 | AA3: 8 | AB3: 25 | AC3: 28 | AD3: 29 | AE3: 34 | AF3: 28 | AG3: 27 | AH3: 16 | AI3: 0 | AJ3: 27 | AK3: 31 | AL3: 19 | AM3: 27 | AN3: 25 | AO3: 10 | AP3: 18 | AQ3: 23 | AR3: 25
A4: Escapes | B4: 1000 | C4: 52 | D4: 76 | E4: 28 | F4: 19 | G4: 22 | H4: 16 | I4: 24 | J4: 30 | K4: 18 | L4: 6 | M4: 17 | N4: 15 | O4: 22 | P4: 33 | Q4: 27 | R4: 18 | S4: 21 | T4: 27 | U4: 25 | V4: 33 | W4: 35 | X4: 36 | Y4: 25 | Z4: 27 | AA4: 10 | AB4: 33 | AC4: 31 | AD4: 25 | AE4: 23 | AF4: 34 | AG4: 21 | AH4: 32 | AI4: 0 | AJ4: 26 | AK4: 29 | AL4: 22 | AM4: 25 | AN4: 24 | AO4: 13 | AP4: 16 | AQ4: 16 | AR4: 20
A5: Escapes | B5: 1000 | C5: 51 | D5: 84 | E5: 41 | F5: 14 | G5: 11 | H5: 22 | I5: 20 | J5: 24 | K5: 22 | L5: 9 | M5: 19 | N5: 16 | O5: 18 | P5: 33 | Q5: 20 | R5: 16 | S5: 30 | T5: 29 | U5: 24 | V5: 24 | W5: 42 | X5: 27 | Y5: 32 | Z5: 30 | AA5: 15 | AB5: 23 | AC5: 19 | AD5: 40 | AE5: 34 | AF5: 21 | AG5: 31 | AH5: 19 | AI5: 0 | AJ5: 25 | AK5: 30 | AL5: 23 | AM5: 21 | AN5: 25 | AO5: 7 | AP5: 19 | AQ5: 15 | AR5: 26
A6: Escapes | B6: 1000 | C6: 46 | D6: 70 | E6: 27 | F6: 13 | G6: 16 | H6: 29 | I6: 23 | J6: 27 | K6: 20 | L6: 5 | M6: 21 | N6: 27 | O6: 22 | P6: 18 | Q6: 22 | R6: 27 | S6: 28 | T6: 24 | U6: 34 | V6: 23 | W6: 36 | X6: 33 | Y6: 20 | Z6: 30 | AA6: 16 | AB6: 37 | AC6: 32 | AD6: 33 | AE6: 20 | AF6: 23 | AG6: 29 | AH6: 21 | AI6: 0 | AJ6: 22 | AK6: 27 | AL6: 18 | AM6: 24 | AN6: 22 | AO6: 12 | AP6: 24 | AQ6: 19 | AR6: 26
A7: Escapes | B7: 1000 | C7: 48 | D7: 78 | E7: 31 | F7: 21 | G7: 16 | H7: 23 | I7: 22 | J7: 21 | K7: 23 | L7: 11 | M7: 20 | N7: 19 | O7: 15 | P7: 23 | Q7: 27 | R7: 26 | S7: 25 | T7: 30 | U7: 27 | V7: 24 | W7: 36 | X7: 34 | Y7: 25 | Z7: 26 | AA7: 15 | AB7: 24 | AC7: 36 | AD7: 21 | AE7: 30 | AF7: 27 | AG7: 24 | AH7: 31 | AI7: 0 | AJ7: 20 | AK7: 32 | AL7: 20 | AM7: 28 | AN7: 28 | AO7: 8 | AP7: 11 | AQ7: 14 | AR7: 28
A8: Escapes | B8: 1000 | C8: 49 | D8: 74 | E8: 30 | F8: 16 | G8: 19 | H8: 20 | I8: 23 | J8: 31 | K8: 21 | L8: 9 | M8: 17 | N8: 23 | O8: 23 | P8: 28 | Q8: 18 | R8: 23 | S8: 24 | T8: 22 | U8: 30 | V8: 32 | W8: 24 | X8: 36 | Y8: 28 | Z8: 23 | AA8: 10 | AB8: 27 | AC8: 33 | AD8: 33 | AE8: 18 | AF8: 30 | AG8: 26 | AH8: 26 | AI8: 0 | AJ8: 29 | AK8: 25 | AL8: 20 | AM8: 36 | AN8: 17 | AO8: 7 | AP8: 27 | AQ8: 13 | AR8: 29
A9: Escapes | B9: 1000 | C9: 47 | D9: 73 | E9: 21 | F9: 18 | G9: 10 | H9: 22 | I9: 24 | J9: 27 | K9: 23 | L9: 5 | M9: 21 | N9: 19 | O9: 18 | P9: 27 | Q9: 27 | R9: 23 | S9: 33 | T9: 29 | U9: 28 | V9: 22 | W9: 23 | X9: 39 | Y9: 31 | Z9: 30 | AA9: 13 | AB9: 26 | AC9: 20 | AD9: 31 | AE9: 27 | AF9: 31 | AG9: 31 | AH9: 27 | AI9: 0 | AJ9: 25 | AK9: 31 | AL9: 20 | AM9: 17 | AN9: 21 | AO9: 15 | AP9: 22 | AQ9: 29 | AR9: 21
A10: Escapes | B10: 1000 | C10: 55 | D10: 79 | E10: 25 | F10: 23 | G10: 20 | H10: 26 | I10: 13 | J10: 30 | K10: 17 | L10: 11 | M10: 14 | N10: 17 | O10: 35 | P10: 20 | Q10: 25 | R10: 21 | S10: 23 | T10: 34 | U10: 33 | V10: 24 | W10: 34 | X10: 37 | Y10: 37 | Z10: 17 | AA10: 9 | AB10: 21 | AC10: 23 | AD10: 28 | AE10: 29 | AF10: 30 | AG10: 35 | AH10: 22 | AI10: 0 | AJ10: 19 | AK10: 18 | AL10: 27 | AM10: 24 | AN10: 30 | AO10: 7 | AP10: 22 | AQ10: 20 | AR10: 21
A11: Escapes | B11: 1000 | C11: 50 | D11: 78 | E11: 33 | F11: 9 | G11: 21 | H11: 20 | I11: 21 | J11: 33 | K11: 21 | L11: 10 | M11: 13 | N11: 24 | O11: 18 | P11: 27 | Q11: 26 | R11: 20 | S11: 21 | T11: 28 | U11: 36 | V11: 23 | W11: 35 | X11: 30 | Y11: 29 | Z11: 34 | AA11: 11 | AB11: 19 | AC11: 31 | AD11: 26 | AE11: 37 | AF11: 23 | AG11: 29 | AH11: 25 | AI11: 0 | AJ11: 17 | AK11: 30 | AL11: 20 | AM11: 25 | AN11: 26 | AO11: 8 | AP11: 21 | AQ11: 19 | AR11: 23
A12: Escapes | B12: 10000 | C12: 519 | D12: 820 | E12: 287 | F12: 208 | G12: 169 | H12: 189 | I12: 224 | J12: 242 | K12: 189 | L12: 102 | M12: 185 | N12: 187 | O12: 177 | P12: 273 | Q12: 214 | R12: 234 | S12: 237 | T12: 283 | U12: 296 | V12: 303 | W12: 279 | X12: 341 | Y12: 303 | Z12: 278 | AA12: 130 | AB12: 264 | AC12: 309 | AD12: 317 | AE12: 276 | AF12: 234 | AG12: 257 | AH12: 247 | AI12: 0 | AJ12: 259 | AK12: 267 | AL12: 229 | AM12: 242 | AN12: 231 | AO12: 81 | AP12: 195 | AQ12: 202 | AR12: 240
A13: Escapes | B13: 10000 | C13: 509 | D13: 811 | E13: 280 | F13: 231 | G13: 163 | H13: 175 | I13: 212 | J13: 263 | K13: 197 | L13: 101 | M13: 199 | N13: 189 | O13: 186 | P13: 220 | Q13: 224 | R13: 242 | S13: 243 | T13: 266 | U13: 287 | V13: 275 | W13: 335 | X13: 330 | Y13: 292 | Z13: 285 | AA13: 127 | AB13: 269 | AC13: 309 | AD13: 294 | AE13: 277 | AF13: 272 | AG13: 268 | AH13: 244 | AI13: 0 | AJ13: 260 | AK13: 266 | AL13: 231 | AM13: 252 | AN13: 214 | AO13: 70 | AP13: 194 | AQ13: 213 | AR13: 234
... A81: Waits | B81: 1000000 | C81: 46903 | D81: 157669 | E81: 25941 | F81: 17321 | G81: 15343 | H81: 17333 | I81: 18934 | J81: 24163 | K81: 18063 | L81: 7890 | M81: 18188 | N81: 18058 | O81: 17547 | P81: 21311 | Q81: 23311 | R81: 19432 | S81: 23605 | T81: 25434 | U81: 28004 | V81: 24123 | W81: 29192 | X81: 28228 | Y81: 28649 | Z81: 25737 | AA81: 12065 | AB81: 24320 | AC81: 28882 | AD81: 27861 | AE81: 24438 | AF81: 24220 | AG81: 25598 | AH81: 22963 | AI81: 0 | AJ81: 23256 | AK81: 23146 | AL81: 20444 | AM81: 21585 | AN81: 20732 | AO81: 8597 | AP81: 18016 | AQ81: 18452 | AR81: 21949

Sheet percentages
A1: =output.csv!A1 -> Strategy | B1: =output.csv!B1 -> Turns | C1: =output.csv!C1 -> TimesSped | D1: =output.csv!D1 -> Jail | E1: =output.csv!E1 -> Go | F1: =output.csv!F1 -> Mediterranean Avenue | G1: =output.csv!G1 -> Community Chest1 | H1: =output.csv!H1 -> Baltic Avenue | ... AR1: =output.csv!AR1 -> Boardwalk
A2: =output.csv!A2 -> Escapes | B2: =output.csv!B2 -> 1000 | C2: =output.csv!C2 / output.csv!$B2 -> 0.05 | D2: =output.csv!D2 / output.csv!$B2 -> 0.075 | E2: =output.csv!E2 / output.csv!$B2 -> 0.031 | F2: =output.csv!F2 / output.csv!$B2 -> 0.016 | G2: =output.csv!G2 / output.csv!$B2 -> 0.016 | H2: =output.csv!H2 / output.csv!$B2 -> 0.023 | I2: =output.csv!I2 / output.csv!$B2 -> 0.02 | J2: =output.csv!J2 / output.csv!$B2 -> 0.023 | ... AR2: =output.csv!AR2 / output.csv!$B2 -> 0.027
A3: =output.csv!A3 -> Escapes | B3: =output.csv!B3 -> 1000 | C3: =output.csv!C3 / output.csv!$B3 -> 0.046 | D3: =output.csv!D3 / output.csv!$B3 -> 0.08 | E3: =output.csv!E3 / output.csv!$B3 -> 0.018 | F3: =output.csv!F3 / output.csv!$B3 -> 0.021 | G3: =output.csv!G3 / output.csv!$B3 -> 0.017 | H3: =output.csv!H3 / output.csv!$B3 -> 0.024 | I3: =output.csv!I3 / output.csv!$B3 -> 0.021 | J3: =output.csv!J3 / output.csv!$B3 -> 0.029 | ... AR3: =output.csv!AR3 / output.csv!$B3 -> 0.025
A4: =output.csv!A4 -> Escapes | B4: =output.csv!B4 -> 1000 | C4: =output.csv!C4 / output.csv!$B4 -> 0.052 | D4: =output.csv!D4 / output.csv!$B4 -> 0.076 | E4: =output.csv!E4 / output.csv!$B4 -> 0.028 | F4: =output.csv!F4 / output.csv!$B4 -> 0.019 | G4: =output.csv!G4 / output.csv!$B4 -> 0.022 | H4: =output.csv!H4 / output.csv!$B4 -> 0.016 | I4: =output.csv!I4 / output.csv!$B4 -> 0.024 | J4: =output.csv!J4 / output.csv!$B4 -> 0.03 | ... AR4: =output.csv!AR4 / output.csv!$B4 -> 0.02
A5: =output.csv!A5 -> Escapes | B5: =output.csv!B5 -> 1000 | C5: =output.csv!C5 / output.csv!$B5 -> 0.051 | D5: =output.csv!D5 / output.csv!$B5 -> 0.084 | E5: =output.csv!E5 / output.csv!$B5 -> 0.041 | F5: =output.csv!F5 / output.csv!$B5 -> 0.014 | G5: =output.csv!G5 / output.csv!$B5 -> 0.011 | H5: =output.csv!H5 / output.csv!$B5 -> 0.022 | I5: =output.csv!I5 / output.csv!$B5 -> 0.02 | J5: =output.csv!J5 / output.csv!$B5 -> 0.024 | ... AR5: =output.csv!AR5 / output.csv!$B5 -> 0.026
A6: =output.csv!A6 -> Escapes | B6: =output.csv!B6 -> 1000 | C6: =output.csv!C6 / output.csv!$B6 -> 0.046 | D6: =output.csv!D6 / output.csv!$B6 -> 0.07 | E6: =output.csv!E6 / output.csv!$B6 -> 0.027 | F6: =output.csv!F6 / output.csv!$B6 -> 0.013 | G6: =output.csv!G6 / output.csv!$B6 -> 0.016 | H6: =output.csv!H6 / output.csv!$B6 -> 0.029 | I6: =output.csv!I6 / output.csv!$B6 -> 0.023 | J6: =output.csv!J6 / output.csv!$B6 -> 0.027 | ... AR6: =output.csv!AR6 / output.csv!$B6 -> 0.026
A7: =output.csv!A7 -> Escapes | B7: =output.csv!B7 -> 1000 | C7: =output.csv!C7 / output.csv!$B7 -> 0.048 | D7: =output.csv!D7 / output.csv!$B7 -> 0.078 | E7: =output.csv!E7 / output.csv!$B7 -> 0.031 | F7: =output.csv!F7 / output.csv!$B7 -> 0.021 | G7: =output.csv!G7 / output.csv!$B7 -> 0.016 | H7: =output.csv!H7 / output.csv!$B7 -> 0.023 | I7: =output.csv!I7 / output.csv!$B7 -> 0.022 | J7: =output.csv!J7 / output.csv!$B7 -> 0.021 | ... AR7: =output.csv!AR7 / output.csv!$B7 -> 0.028
A8: =output.csv!A8 -> Escapes | B8: =output.csv!B8 -> 1000 | C8: =output.csv!C8 / output.csv!$B8 -> 0.049 | D8: =output.csv!D8 / output.csv!$B8 -> 0.074 | E8: =output.csv!E8 / output.csv!$B8 -> 0.03 | F8: =output.csv!F8 / output.csv!$B8 -> 0.016 | G8: =output.csv!G8 / output.csv!$B8 -> 0.019 | H8: =output.csv!H8 / output.csv!$B8 -> 0.02 | I8: =output.csv!I8 / output.csv!$B8 -> 0.023 | J8: =output.csv!J8 / output.csv!$B8 -> 0.031 | ... AR8: =output.csv!AR8 / output.csv!$B8 -> 0.029
A9: =output.csv!A9 -> Escapes | B9: =output.csv!B9 -> 1000 | C9: =output.csv!C9 / output.csv!$B9 -> 0.047 | D9: =output.csv!D9 / output.csv!$B9 -> 0.073 | E9: =output.csv!E9 / output.csv!$B9 -> 0.021 | F9: =output.csv!F9 / output.csv!$B9 -> 0.018 | G9: =output.csv!G9 / output.csv!$B9 -> 0.01 | H9: =output.csv!H9 / output.csv!$B9 -> 0.022 | I9: =output.csv!I9 / output.csv!$B9 -> 0.024 | J9: =output.csv!J9 / output.csv!$B9 -> 0.027 | ... AR9: =output.csv!AR9 / output.csv!$B9 -> 0.021
A10: =output.csv!A10 -> Escapes | B10: =output.csv!B10 -> 1000 | C10: =output.csv!C10 / output.csv!$B10 -> 0.055 | D10: =output.csv!D10 / output.csv!$B10 -> 0.079 | E10: =output.csv!E10 / output.csv!$B10 -> 0.025 | F10: =output.csv!F10 / output.csv!$B10 -> 0.023 | G10: =output.csv!G10 / output.csv!$B10 -> 0.02 | H10: =output.csv!H10 / output.csv!$B10 -> 0.026 | I10: =output.csv!I10 / output.csv!$B10 -> 0.013 | J10: =output.csv!J10 / output.csv!$B10 -> 0.03 | ... AR10: =output.csv!AR10 / output.csv!$B10 -> 0.021
A11: =output.csv!A11 -> Escapes | B11: =output.csv!B11 -> 1000 | C11: =output.csv!C11 / output.csv!$B11 -> 0.05 | D11: =output.csv!D11 / output.csv!$B11 -> 0.078 | E11: =output.csv!E11 / output.csv!$B11 -> 0.033 | F11: =output.csv!F11 / output.csv!$B11 -> 0.009 | G11: =output.csv!G11 / output.csv!$B11 -> 0.021 | H11: =output.csv!H11 / output.csv!$B11 -> 0.02 | I11: =output.csv!I11 / output.csv!$B11 -> 0.021 | J11: =output.csv!J11 / output.csv!$B11 -> 0.033 | ... AR11: =output.csv!AR11 / output.csv!$B11 -> 0.023
B12: Average | C12: =AVERAGE(C2:C11) -> 0.0494 | D12: =AVERAGE(D2:D11) -> 0.0767 | E12: =AVERAGE(E2:E11) -> 0.0285 | F12: =AVERAGE(F2:F11) -> 0.017 | G12: =AVERAGE(G2:G11) -> 0.0168 | H12: =AVERAGE(H2:H11) -> 0.0225 | I12: =AVERAGE(I2:I11) -> 0.0211 | J12: =AVERAGE(J2:J11) -> 0.0275 | ... AR12: =AVERAGE(AR2:AR11) -> 0.0246
B13: Standard Deviation | C13: =_xlfn.stdev.s(C2:C11)*100 -> 0.2836273 | D13: =_xlfn.stdev.s(D2:D11)*100 -> 0.39735235 | E13: =_xlfn.stdev.s(E2:E11)*100 -> 0.64334197 | F13: =_xlfn.stdev.s(F2:F11)*100 -> 0.42687495 | G13: =_xlfn.stdev.s(G2:G11)*100 -> 0.39665266 | H13: =_xlfn.stdev.s(H2:H11)*100 -> 0.35355339 | I13: =_xlfn.stdev.s(I2:I11)*100 -> 0.32128215 | J13: =_xlfn.stdev.s(J2:J11)*100 -> 0.38369548 | ... AR13: =_xlfn.stdev.s(AR2:AR11)*100 -> 0.31692972
A14: =output.csv!A12 -> Escapes | B14: =output.csv!B12 -> 10000 | C14: =output.csv!C12 / output.csv!$B12 -> 0.0519 | D14: =output.csv!D12 / output.csv!$B12 -> 0.082 | E14: =output.csv!E12 / output.csv!$B12 -> 0.0287 | F14: =output.csv!F12 / output.csv!$B12 -> 0.0208 | G14: =output.csv!G12 / output.csv!$B12 -> 0.0169 | H14: =output.csv!H12 / output.csv!$B12 -> 0.0189 | I14: =output.csv!I12 / output.csv!$B12 -> 0.0224 | J14: =output.csv!J12 / output.csv!$B12 -> 0.0242 | ... AR14: =output.csv!AR12 / output.csv!$B12 -> 0.024
A15: =output.csv!A13 -> Escapes | B15: =output.csv!B13 -> 10000 | C15: =output.csv!C13 / output.csv!$B13 -> 0.0509 | D15: =output.csv!D13 / output.csv!$B13 -> 0.0811 | E15: =output.csv!E13 / output.csv!$B13 -> 0.028 | F15: =output.csv!F13 / output.csv!$B13 -> 0.0231 | G15: =output.csv!G13 / output.csv!$B13 -> 0.0163 | H15: =output.csv!H13 / output.csv!$B13 -> 0.0175 | I15: =output.csv!I13 / output.csv!$B13 -> 0.0212 | J15: =output.csv!J13 / output.csv!$B13 -> 0.0263 | ... AR15: =output.csv!AR13 / output.csv!$B13 -> 0.0234
A16: =output.csv!A14 -> Escapes | B16: =output.csv!B14 -> 10000 | C16: =output.csv!C14 / output.csv!$B14 -> 0.0502 | D16: =output.csv!D14 / output.csv!$B14 -> 0.0791 | E16: =output.csv!E14 / output.csv!$B14 -> 0.0291 | F16: =output.csv!F14 / output.csv!$B14 -> 0.0185 | G16: =output.csv!G14 / output.csv!$B14 -> 0.0179 | H16: =output.csv!H14 / output.csv!$B14 -> 0.0187 | I16: =output.csv!I14 / output.csv!$B14 -> 0.0223 | J16: =output.csv!J14 / output.csv!$B14 -> 0.0266 | ... AR16: =output.csv!AR14 / output.csv!$B14 -> 0.023
A17: =output.csv!A15 -> Escapes | B17: =output.csv!B15 -> 10000 | C17: =output.csv!C15 / output.csv!$B15 -> 0.0514 | D17: =output.csv!D15 / output.csv!$B15 -> 0.0814 | E17: =output.csv!E15 / output.csv!$B15 -> 0.0296 | F17: =output.csv!F15 / output.csv!$B15 -> 0.0189 | G17: =output.csv!G15 / output.csv!$B15 -> 0.0178 | H17: =output.csv!H15 / output.csv!$B15 -> 0.021 | I17: =output.csv!I15 / output.csv!$B15 -> 0.0217 | J17: =output.csv!J15 / output.csv!$B15 -> 0.0248 | ... AR17: =output.csv!AR15 / output.csv!$B15 -> 0.0214
A18: =output.csv!A16 -> Escapes | B18: =output.csv!B16 -> 10000 | C18: =output.csv!C16 / output.csv!$B16 -> 0.0528 | D18: =output.csv!D16 / output.csv!$B16 -> 0.0851 | E18: =output.csv!E16 / output.csv!$B16 -> 0.0285 | F18: =output.csv!F16 / output.csv!$B16 -> 0.0185 | G18: =output.csv!G16 / output.csv!$B16 -> 0.0177 | H18: =output.csv!H16 / output.csv!$B16 -> 0.0179 | I18: =output.csv!I16 / output.csv!$B16 -> 0.0204 | J18: =output.csv!J16 / output.csv!$B16 -> 0.0262 | ... AR18: =output.csv!AR16 / output.csv!$B16 -> 0.0256
A19: =output.csv!A17 -> Escapes | B19: =output.csv!B17 -> 10000 | C19: =output.csv!C17 / output.csv!$B17 -> 0.0491 | D19: =output.csv!D17 / output.csv!$B17 -> 0.0783 | E19: =output.csv!E17 / output.csv!$B17 -> 0.0283 | F19: =output.csv!F17 / output.csv!$B17 -> 0.0185 | G19: =output.csv!G17 / output.csv!$B17 -> 0.0171 | H19: =output.csv!H17 / output.csv!$B17 -> 0.0218 | I19: =output.csv!I17 / output.csv!$B17 -> 0.0192 | J19: =output.csv!J17 / output.csv!$B17 -> 0.0271 | ... AR19: =output.csv!AR17 / output.csv!$B17 -> 0.0244
A20: =output.csv!A18 -> Escapes | B20: =output.csv!B18 -> 10000 | C20: =output.csv!C18 / output.csv!$B18 -> 0.0495 | D20: =output.csv!D18 / output.csv!$B18 -> 0.0788 | E20: =output.csv!E18 / output.csv!$B18 -> 0.0286 | F20: =output.csv!F18 / output.csv!$B18 -> 0.0174 | G20: =output.csv!G18 / output.csv!$B18 -> 0.0164 | H20: =output.csv!H18 / output.csv!$B18 -> 0.019 | I20: =output.csv!I18 / output.csv!$B18 -> 0.0231 | J20: =output.csv!J18 / output.csv!$B18 -> 0.0248 | ... AR20: =output.csv!AR18 / output.csv!$B18 -> 0.0259
A21: =output.csv!A19 -> Escapes | B21: =output.csv!B19 -> 10000 | C21: =output.csv!C19 / output.csv!$B19 -> 0.0504 | D21: =output.csv!D19 / output.csv!$B19 -> 0.0813 | E21: =output.csv!E19 / output.csv!$B19 -> 0.0297 | F21: =output.csv!F19 / output.csv!$B19 -> 0.0174 | G21: =output.csv!G19 / output.csv!$B19 -> 0.0193 | H21: =output.csv!H19 / output.csv!$B19 -> 0.0184 | I21: =output.csv!I19 / output.csv!$B19 -> 0.0202 | J21: =output.csv!J19 / output.csv!$B19 -> 0.0256 | ... AR21: =output.csv!AR19 / output.csv!$B19 -> 0.0232
A22: =output.csv!A20 -> Escapes | B22: =output.csv!B20 -> 10000 | C22: =output.csv!C20 / output.csv!$B20 -> 0.052 | D22: =output.csv!D20 / output.csv!$B20 -> 0.0834 | E22: =output.csv!E20 / output.csv!$B20 -> 0.027 | F22: =output.csv!F20 / output.csv!$B20 -> 0.0175 | G22: =output.csv!G20 / output.csv!$B20 -> 0.0167 | H22: =output.csv!H20 / output.csv!$B20 -> 0.0199 | I22: =output.csv!I20 / output.csv!$B20 -> 0.0192 | J22: =output.csv!J20 / output.csv!$B20 -> 0.0285 | ... AR22: =output.csv!AR20 / output.csv!$B20 -> 0.0236
A23: =output.csv!A21 -> Escapes | B23: =output.csv!B21 -> 10000 | C23: =output.csv!C21 / output.csv!$B21 -> 0.0515 | D23: =output.csv!D21 / output.csv!$B21 -> 0.083 | E23: =output.csv!E21 / output.csv!$B21 -> 0.0283 | F23: =output.csv!F21 / output.csv!$B21 -> 0.0182 | G23: =output.csv!G21 / output.csv!$B21 -> 0.0166 | H23: =output.csv!H21 / output.csv!$B21 -> 0.018 | I23: =output.csv!I21 / output.csv!$B21 -> 0.023 | J23: =output.csv!J21 / output.csv!$B21 -> 0.0272 | ... AR23: =output.csv!AR21 / output.csv!$B21 -> 0.0245
B24: Average | C24: =AVERAGE(C14:C23) -> 0.05097 | D24: =AVERAGE(D14:D23) -> 0.08135 | E24: =AVERAGE(E14:E23) -> 0.02858 | F24: =AVERAGE(F14:F23) -> 0.01888 | G24: =AVERAGE(G14:G23) -> 0.01727 | H24: =AVERAGE(H14:H23) -> 0.01911 | I24: =AVERAGE(I14:I23) -> 0.02127 | J24: =AVERAGE(J14:J23) -> 0.02613 | ... AR24: =AVERAGE(AR14:AR23) -> 0.0239
B25: Standard Deviation | C25: =_xlfn.stdev.s(C14:C23)*100 -> 0.11700427 | D25: =_xlfn.stdev.s(D14:D23)*100 -> 0.21691012 | E25: =_xlfn.stdev.s(E14:E23)*100 -> 0.078711851 | F25: =_xlfn.stdev.s(F14:F23)*100 -> 0.17849992 | G25: =_xlfn.stdev.s(G14:G23)*100 -> 0.092020529 | H25: =_xlfn.stdev.s(H14:H23)*100 -> 0.13924 | I25: =_xlfn.stdev.s(I14:I23)*100 -> 0.14659468 | J25: =_xlfn.stdev.s(J14:J23)*100 -> 0.1312377 | ... AR25: =_xlfn.stdev.s(AR14:AR23)*100 -> 0.13080945
A26: =output.csv!A22 -> Escapes | B26: =output.csv!B22 -> 100000 | C26: =output.csv!C22 / output.csv!$B22 -> 0.05105 | D26: =output.csv!D22 / output.csv!$B22 -> 0.08145 | E26: =output.csv!E22 / output.csv!$B22 -> 0.02893 | F26: =output.csv!F22 / output.csv!$B22 -> 0.01892 | G26: =output.csv!G22 / output.csv!$B22 -> 0.01653 | H26: =output.csv!H22 / output.csv!$B22 -> 0.01858 | I26: =output.csv!I22 / output.csv!$B22 -> 0.02047 | J26: =output.csv!J22 / output.csv!$B22 -> 0.02612 | ... AR26: =output.csv!AR22 / output.csv!$B22 -> 0.0237
A27: =output.csv!A23 -> Escapes | B27: =output.csv!B23 -> 100000 | C27: =output.csv!C23 / output.csv!$B23 -> 0.05137 | D27: =output.csv!D23 / output.csv!$B23 -> 0.08172 | E27: =output.csv!E23 / output.csv!$B23 -> 0.02891 | F27: =output.csv!F23 / output.csv!$B23 -> 0.01872 | G27: =output.csv!G23 / output.csv!$B23 -> 0.01609 | H27: =output.csv!H23 / output.csv!$B23 -> 0.01874 | I27: =output.csv!I23 / output.csv!$B23 -> 0.02106 | J27: =output.csv!J23 / output.csv!$B23 -> 0.02558 | ... AR27: =output.csv!AR23 / output.csv!$B23 -> 0.02376
A28: =output.csv!A24 -> Escapes | B28: =output.csv!B24 -> 100000 | C28: =output.csv!C24 / output.csv!$B24 -> 0.05103 | D28: =output.csv!D24 / output.csv!$B24 -> 0.08044 | E28: =output.csv!E24 / output.csv!$B24 -> 0.02881 | F28: =output.csv!F24 / output.csv!$B24 -> 0.01928 | G28: =output.csv!G24 / output.csv!$B24 -> 0.01648 | H28: =output.csv!H24 / output.csv!$B24 -> 0.01939 | I28: =output.csv!I24 / output.csv!$B24 -> 0.02021 | J28: =output.csv!J24 / output.csv!$B24 -> 0.02612 | ... AR28: =output.csv!AR24 / output.csv!$B24 -> 0.02387
A29: =output.csv!A25 -> Escapes | B29: =output.csv!B25 -> 100000 | C29: =output.csv!C25 / output.csv!$B25 -> 0.05056 | D29: =output.csv!D25 / output.csv!$B25 -> 0.08071 | E29: =output.csv!E25 / output.csv!$B25 -> 0.02888 | F29: =output.csv!F25 / output.csv!$B25 -> 0.01947 | G29: =output.csv!G25 / output.csv!$B25 -> 0.01752 | H29: =output.csv!H25 / output.csv!$B25 -> 0.01913 | I29: =output.csv!I25 / output.csv!$B25 -> 0.02026 | J29: =output.csv!J25 / output.csv!$B25 -> 0.02637 | ... AR29: =output.csv!AR25 / output.csv!$B25 -> 0.0237
A30: =output.csv!A26 -> Escapes | B30: =output.csv!B26 -> 100000 | C30: =output.csv!C26 / output.csv!$B26 -> 0.0509 | D30: =output.csv!D26 / output.csv!$B26 -> 0.08177 | E30: =output.csv!E26 / output.csv!$B26 -> 0.02829 | F30: =output.csv!F26 / output.csv!$B26 -> 0.01977 | G30: =output.csv!G26 / output.csv!$B26 -> 0.01665 | H30: =output.csv!H26 / output.csv!$B26 -> 0.0194 | I30: =output.csv!I26 / output.csv!$B26 -> 0.02052 | J30: =output.csv!J26 / output.csv!$B26 -> 0.02576 | ... AR30: =output.csv!AR26 / output.csv!$B26 -> 0.02353
A31: =output.csv!A27 -> Escapes | B31: =output.csv!B27 -> 100000 | C31: =output.csv!C27 / output.csv!$B27 -> 0.05163 | D31: =output.csv!D27 / output.csv!$B27 -> 0.0811 | E31: =output.csv!E27 / output.csv!$B27 -> 0.02856 | F31: =output.csv!F27 / output.csv!$B27 -> 0.01926 | G31: =output.csv!G27 / output.csv!$B27 -> 0.01652 | H31: =output.csv!H27 / output.csv!$B27 -> 0.01906 | I31: =output.csv!I27 / output.csv!$B27 -> 0.02098 | J31: =output.csv!J27 / output.csv!$B27 -> 0.02625 | ... AR31: =output.csv!AR27 / output.csv!$B27 -> 0.02346
A32: =output.csv!A28 -> Escapes | B32: =output.csv!B28 -> 100000 | C32: =output.csv!C28 / output.csv!$B28 -> 0.05056 | D32: =output.csv!D28 / output.csv!$B28 -> 0.08192 | E32: =output.csv!E28 / output.csv!$B28 -> 0.02826 | F32: =output.csv!F28 / output.csv!$B28 -> 0.01925 | G32: =output.csv!G28 / output.csv!$B28 -> 0.01672 | H32: =output.csv!H28 / output.csv!$B28 -> 0.01927 | I32: =output.csv!I28 / output.csv!$B28 -> 0.02096 | J32: =output.csv!J28 / output.csv!$B28 -> 0.02616 | ... AR32: =output.csv!AR28 / output.csv!$B28 -> 0.02326
A33: =output.csv!A29 -> Escapes | B33: =output.csv!B29 -> 100000 | C33: =output.csv!C29 / output.csv!$B29 -> 0.05076 | D33: =output.csv!D29 / output.csv!$B29 -> 0.08002 | E33: =output.csv!E29 / output.csv!$B29 -> 0.02854 | F33: =output.csv!F29 / output.csv!$B29 -> 0.01912 | G33: =output.csv!G29 / output.csv!$B29 -> 0.01665 | H33: =output.csv!H29 / output.csv!$B29 -> 0.0194 | I33: =output.csv!I29 / output.csv!$B29 -> 0.02045 | J33: =output.csv!J29 / output.csv!$B29 -> 0.0266 | ... AR33: =output.csv!AR29 / output.csv!$B29 -> 0.02416
A34: =output.csv!A30 -> Escapes | B34: =output.csv!B30 -> 100000 | C34: =output.csv!C30 / output.csv!$B30 -> 0.05118 | D34: =output.csv!D30 / output.csv!$B30 -> 0.08077 | E34: =output.csv!E30 / output.csv!$B30 -> 0.02862 | F34: =output.csv!F30 / output.csv!$B30 -> 0.01891 | G34: =output.csv!G30 / output.csv!$B30 -> 0.01751 | H34: =output.csv!H30 / output.csv!$B30 -> 0.01793 | I34: =output.csv!I30 / output.csv!$B30 -> 0.02028 | J34: =output.csv!J30 / output.csv!$B30 -> 0.02571 | ... AR34: =output.csv!AR30 / output.csv!$B30 -> 0.0246
A35: =output.csv!A31 -> Escapes | B35: =output.csv!B31 -> 100000 | C35: =output.csv!C31 / output.csv!$B31 -> 0.05038 | D35: =output.csv!D31 / output.csv!$B31 -> 0.08097 | E35: =output.csv!E31 / output.csv!$B31 -> 0.02879 | F35: =output.csv!F31 / output.csv!$B31 -> 0.01895 | G35: =output.csv!G31 / output.csv!$B31 -> 0.01669 | H35: =output.csv!H31 / output.csv!$B31 -> 0.01935 | I35: =output.csv!I31 / output.csv!$B31 -> 0.02018 | J35: =output.csv!J31 / output.csv!$B31 -> 0.02667 | ... AR35: =output.csv!AR31 / output.csv!$B31 -> 0.02363
B36: Average | C36: =AVERAGE(C26:C35) -> 0.050942 | D36: =AVERAGE(D26:D35) -> 0.081087 | E36: =AVERAGE(E26:E35) -> 0.028659 | F36: =AVERAGE(F26:F35) -> 0.019165 | G36: =AVERAGE(G26:G35) -> 0.016736 | H36: =AVERAGE(H26:H35) -> 0.019025 | I36: =AVERAGE(I26:I35) -> 0.020537 | J36: =AVERAGE(J26:J35) -> 0.026134 | ... AR36: =AVERAGE(AR26:AR35) -> 0.023767
B37: Standard Deviation | C37: =_xlfn.stdev.s(C26:C35)*100 -> 0.039089072 | D37: =_xlfn.stdev.s(D26:D35)*100 -> 0.062418035 | E37: =_xlfn.stdev.s(E26:E35)*100 -> 0.024632634 | F37: =_xlfn.stdev.s(F26:F35)*100 -> 0.030909366 | G37: =_xlfn.stdev.s(G26:G35)*100 -> 0.044756626 | H37: =_xlfn.stdev.s(H26:H35)*100 -> 0.047965844 | I37: =_xlfn.stdev.s(I26:I35)*100 -> 0.033964197 | J37: =_xlfn.stdev.s(J26:J35)*100 -> 0.036533698 | ... AR37: =_xlfn.stdev.s(AR26:AR35)*100 -> 0.037921117
A38: =output.csv!A32 -> Escapes | B38: =output.csv!B32 -> 1000000 | C38: =output.csv!C32 / output.csv!$B32 -> 0.051021 | D38: =output.csv!D32 / output.csv!$B32 -> 0.081342 | E38: =output.csv!E32 / output.csv!$B32 -> 0.028481 | F38: =output.csv!F32 / output.csv!$B32 -> 0.018942 | G38: =output.csv!G32 / output.csv!$B32 -> 0.016881 | H38: =output.csv!H32 / output.csv!$B32 -> 0.019111 | I38: =output.csv!I32 / output.csv!$B32 -> 0.020518 | J38: =output.csv!J32 / output.csv!$B32 -> 0.026077 | ... AR38: =output.csv!AR32 / output.csv!$B32 -> 0.023813
A39: =output.csv!A33 -> Escapes | B39: =output.csv!B33 -> 1000000 | C39: =output.csv!C33 / output.csv!$B33 -> 0.05122 | D39: =output.csv!D33 / output.csv!$B33 -> 0.081432 | E39: =output.csv!E33 / output.csv!$B33 -> 0.028751 | F39: =output.csv!F33 / output.csv!$B33 -> 0.019005 | G39: =output.csv!G33 / output.csv!$B33 -> 0.016658 | H39: =output.csv!H33 / output.csv!$B33 -> 0.019347 | I39: =output.csv!I33 / output.csv!$B33 -> 0.020365 | J39: =output.csv!J33 / output.csv!$B33 -> 0.026198 | ... AR39: =output.csv!AR33 / output.csv!$B33 -> 0.023729
A40: =output.csv!A34 -> Escapes | B40: =output.csv!B34 -> 1000000 | C40: =output.csv!C34 / output.csv!$B34 -> 0.051037 | D40: =output.csv!D34 / output.csv!$B34 -> 0.081551 | E40: =output.csv!E34 / output.csv!$B34 -> 0.02864 | F40: =output.csv!F34 / output.csv!$B34 -> 0.019027 | G40: =output.csv!G34 / output.csv!$B34 -> 0.016865 | H40: =output.csv!H34 / output.csv!$B34 -> 0.018881 | I40: =output.csv!I34 / output.csv!$B34 -> 0.020637 | J40: =output.csv!J34 / output.csv!$B34 -> 0.026227 | ... AR40: =output.csv!AR34 / output.csv!$B34 -> 0.023779
A41: =output.csv!A35 -> Escapes | B41: =output.csv!B35 -> 1000000 | C41: =output.csv!C35 / output.csv!$B35 -> 0.051038 | D41: =output.csv!D35 / output.csv!$B35 -> 0.081083 | E41: =output.csv!E35 / output.csv!$B35 -> 0.028512 | F41: =output.csv!F35 / output.csv!$B35 -> 0.018939 | G41: =output.csv!G35 / output.csv!$B35 -> 0.01695 | H41: =output.csv!H35 / output.csv!$B35 -> 0.019084 | I41: =output.csv!I35 / output.csv!$B35 -> 0.020138 | J41: =output.csv!J35 / output.csv!$B35 -> 0.026398 | ... AR41: =output.csv!AR35 / output.csv!$B35 -> 0.024057
A42: =output.csv!A36 -> Escapes | B42: =output.csv!B36 -> 1000000 | C42: =output.csv!C36 / output.csv!$B36 -> 0.051064 | D42: =output.csv!D36 / output.csv!$B36 -> 0.08113 | E42: =output.csv!E36 / output.csv!$B36 -> 0.028532 | F42: =output.csv!F36 / output.csv!$B36 -> 0.01893 | G42: =output.csv!G36 / output.csv!$B36 -> 0.01698 | H42: =output.csv!H36 / output.csv!$B36 -> 0.018936 | I42: =output.csv!I36 / output.csv!$B36 -> 0.020438 | J42: =output.csv!J36 / output.csv!$B36 -> 0.026314 | ... AR42: =output.csv!AR36 / output.csv!$B36 -> 0.023809
A43: =output.csv!A37 -> Escapes | B43: =output.csv!B37 -> 1000000 | C43: =output.csv!C37 / output.csv!$B37 -> 0.051192 | D43: =output.csv!D37 / output.csv!$B37 -> 0.081182 | E43: =output.csv!E37 / output.csv!$B37 -> 0.028427 | F43: =output.csv!F37 / output.csv!$B37 -> 0.018898 | G43: =output.csv!G37 / output.csv!$B37 -> 0.016687 | H43: =output.csv!H37 / output.csv!$B37 -> 0.019329 | I43: =output.csv!I37 / output.csv!$B37 -> 0.020258 | J43: =output.csv!J37 / output.csv!$B37 -> 0.026128 | ... AR43: =output.csv!AR37 / output.csv!$B37 -> 0.023724
A44: =output.csv!A38 -> Escapes | B44: =output.csv!B38 -> 1000000 | C44: =output.csv!C38 / output.csv!$B38 -> 0.051042 | D44: =output.csv!D38 / output.csv!$B38 -> 0.081185 | E44: =output.csv!E38 / output.csv!$B38 -> 0.028369 | F44: =output.csv!F38 / output.csv!$B38 -> 0.019207 | G44: =output.csv!G38 / output.csv!$B38 -> 0.016843 | H44: =output.csv!H38 / output.csv!$B38 -> 0.019059 | I44: =output.csv!I38 / output.csv!$B38 -> 0.020292 | J44: =output.csv!J38 / output.csv!$B38 -> 0.026197 | ... AR44: =output.csv!AR38 / output.csv!$B38 -> 0.023891
A45: =output.csv!A39 -> Escapes | B45: =output.csv!B39 -> 1000000 | C45: =output.csv!C39 / output.csv!$B39 -> 0.051069 | D45: =output.csv!D39 / output.csv!$B39 -> 0.081328 | E45: =output.csv!E39 / output.csv!$B39 -> 0.028481 | F45: =output.csv!F39 / output.csv!$B39 -> 0.019092 | G45: =output.csv!G39 / output.csv!$B39 -> 0.0168 | H45: =output.csv!H39 / output.csv!$B39 -> 0.018987 | I45: =output.csv!I39 / output.csv!$B39 -> 0.020457 | J45: =output.csv!J39 / output.csv!$B39 -> 0.026326 | ... AR45: =output.csv!AR39 / output.csv!$B39 -> 0.023891
A46: =output.csv!A40 -> Escapes | B46: =output.csv!B40 -> 1000000 | C46: =output.csv!C40 / output.csv!$B40 -> 0.051076 | D46: =output.csv!D40 / output.csv!$B40 -> 0.080959 | E46: =output.csv!E40 / output.csv!$B40 -> 0.028371 | F46: =output.csv!F40 / output.csv!$B40 -> 0.019119 | G46: =output.csv!G40 / output.csv!$B40 -> 0.01687 | H46: =output.csv!H40 / output.csv!$B40 -> 0.018918 | I46: =output.csv!I40 / output.csv!$B40 -> 0.02054 | J46: =output.csv!J40 / output.csv!$B40 -> 0.026232 | ... AR46: =output.csv!AR40 / output.csv!$B40 -> 0.023867
A47: =output.csv!A41 -> Escapes | B47: =output.csv!B41 -> 1000000 | C47: =output.csv!C41 / output.csv!$B41 -> 0.051067 | D47: =output.csv!D41 / output.csv!$B41 -> 0.0814 | E47: =output.csv!E41 / output.csv!$B41 -> 0.028533 | F47: =output.csv!F41 / output.csv!$B41 -> 0.018958 | G47: =output.csv!G41 / output.csv!$B41 -> 0.016886 | H47: =output.csv!H41 / output.csv!$B41 -> 0.019017 | I47: =output.csv!I41 / output.csv!$B41 -> 0.020475 | J47: =output.csv!J41 / output.csv!$B41 -> 0.026096 | ... AR47: =output.csv!AR41 / output.csv!$B41 -> 0.023891
B48: Average | C48: =AVERAGE(C38:C47) -> 0.0510826 | D48: =AVERAGE(D38:D47) -> 0.0812592 | E48: =AVERAGE(E38:E47) -> 0.0285097 | F48: =AVERAGE(F38:F47) -> 0.0190117 | G48: =AVERAGE(G38:G47) -> 0.016842 | H48: =AVERAGE(H38:H47) -> 0.0190669 | I48: =AVERAGE(I38:I47) -> 0.0204118 | J48: =AVERAGE(J38:J47) -> 0.0262193 | ... AR48: =AVERAGE(AR38:AR47) -> 0.0238451
B49: Standard Deviation | C49: =_xlfn.stdev.s(C38:C47)*100 -> 0.0067639896 | D49: =_xlfn.stdev.s(D38:D47)*100 -> 0.018127499 | E49: =_xlfn.stdev.s(E38:E47)*100 -> 0.011726992 | F49: =_xlfn.stdev.s(F38:F47)*100 -> 0.0099449652 | G49: =_xlfn.stdev.s(G38:G47)*100 -> 0.010280726 | H49: =_xlfn.stdev.s(H38:H47)*100 -> 0.016062064 | I49: =_xlfn.stdev.s(I38:I47)*100 -> 0.014918877 | J49: =_xlfn.stdev.s(J38:J47)*100 -> 0.010394769 | ... AR49: =_xlfn.stdev.s(AR38:AR47)*100 -> 0.0098063981
A50: =output.csv!A42 -> Waits | B50: =output.csv!B42 -> 1000 | C50: =output.csv!C42 / output.csv!$B42 -> 0.047 | D50: =output.csv!D42 / output.csv!$B42 -> 0.172 | E50: =output.csv!E42 / output.csv!$B42 -> 0.026 | F50: =output.csv!F42 / output.csv!$B42 -> 0.021 | G50: =output.csv!G42 / output.csv!$B42 -> 0.018 | H50: =output.csv!H42 / output.csv!$B42 -> 0.01 | I50: =output.csv!I42 / output.csv!$B42 -> 0.014 | J50: =output.csv!J42 / output.csv!$B42 -> 0.028 | ... AR50: =output.csv!AR42 / output.csv!$B42 -> 0.025
A51: =output.csv!A43 -> Waits | B51: =output.csv!B43 -> 1000 | C51: =output.csv!C43 / output.csv!$B43 -> 0.043 | D51: =output.csv!D43 / output.csv!$B43 -> 0.165 | E51: =output.csv!E43 / output.csv!$B43 -> 0.023 | F51: =output.csv!F43 / output.csv!$B43 -> 0.013 | G51: =output.csv!G43 / output.csv!$B43 -> 0.012 | H51: =output.csv!H43 / output.csv!$B43 -> 0.023 | I51: =output.csv!I43 / output.csv!$B43 -> 0.013 | J51: =output.csv!J43 / output.csv!$B43 -> 0.02 | ... AR51: =output.csv!AR43 / output.csv!$B43 -> 0.022
A52: =output.csv!A44 -> Waits | B52: =output.csv!B44 -> 1000 | C52: =output.csv!C44 / output.csv!$B44 -> 0.047 | D52: =output.csv!D44 / output.csv!$B44 -> 0.164 | E52: =output.csv!E44 / output.csv!$B44 -> 0.032 | F52: =output.csv!F44 / output.csv!$B44 -> 0.012 | G52: =output.csv!G44 / output.csv!$B44 -> 0.019 | H52: =output.csv!H44 / output.csv!$B44 -> 0.021 | I52: =output.csv!I44 / output.csv!$B44 -> 0.021 | J52: =output.csv!J44 / output.csv!$B44 -> 0.025 | ... AR52: =output.csv!AR44 / output.csv!$B44 -> 0.02
A53: =output.csv!A45 -> Waits | B53: =output.csv!B45 -> 1000 | C53: =output.csv!C45 / output.csv!$B45 -> 0.056 | D53: =output.csv!D45 / output.csv!$B45 -> 0.165 | E53: =output.csv!E45 / output.csv!$B45 -> 0.028 | F53: =output.csv!F45 / output.csv!$B45 -> 0.018 | G53: =output.csv!G45 / output.csv!$B45 -> 0.016 | H53: =output.csv!H45 / output.csv!$B45 -> 0.016 | I53: =output.csv!I45 / output.csv!$B45 -> 0.02 | J53: =output.csv!J45 / output.csv!$B45 -> 0.02 | ... AR53: =output.csv!AR45 / output.csv!$B45 -> 0.023
A54: =output.csv!A46 -> Waits | B54: =output.csv!B46 -> 1000 | C54: =output.csv!C46 / output.csv!$B46 -> 0.046 | D54: =output.csv!D46 / output.csv!$B46 -> 0.126 | E54: =output.csv!E46 / output.csv!$B46 -> 0.028 | F54: =output.csv!F46 / output.csv!$B46 -> 0.023 | G54: =output.csv!G46 / output.csv!$B46 -> 0.015 | H54: =output.csv!H46 / output.csv!$B46 -> 0.016 | I54: =output.csv!I46 / output.csv!$B46 -> 0.02 | J54: =output.csv!J46 / output.csv!$B46 -> 0.027 | ... AR54: =output.csv!AR46 / output.csv!$B46 -> 0.019
A55: =output.csv!A47 -> Waits | B55: =output.csv!B47 -> 1000 | C55: =output.csv!C47 / output.csv!$B47 -> 0.05 | D55: =output.csv!D47 / output.csv!$B47 -> 0.157 | E55: =output.csv!E47 / output.csv!$B47 -> 0.036 | F55: =output.csv!F47 / output.csv!$B47 -> 0.01 | G55: =output.csv!G47 / output.csv!$B47 -> 0.017 | H55: =output.csv!H47 / output.csv!$B47 -> 0.02 | I55: =output.csv!I47 / output.csv!$B47 -> 0.015 | J55: =output.csv!J47 / output.csv!$B47 -> 0.026 | ... AR55: =output.csv!AR47 / output.csv!$B47 -> 0.014
A56: =output.csv!A48 -> Waits | B56: =output.csv!B48 -> 1000 | C56: =output.csv!C48 / output.csv!$B48 -> 0.049 | D56: =output.csv!D48 / output.csv!$B48 -> 0.165 | E56: =output.csv!E48 / output.csv!$B48 -> 0.035 | F56: =output.csv!F48 / output.csv!$B48 -> 0.021 | G56: =output.csv!G48 / output.csv!$B48 -> 0.015 | H56: =output.csv!H48 / output.csv!$B48 -> 0.019 | I56: =output.csv!I48 / output.csv!$B48 -> 0.014 | J56: =output.csv!J48 / output.csv!$B48 -> 0.022 | ... AR56: =output.csv!AR48 / output.csv!$B48 -> 0.014
A57: =output.csv!A49 -> Waits | B57: =output.csv!B49 -> 1000 | C57: =output.csv!C49 / output.csv!$B49 -> 0.047 | D57: =output.csv!D49 / output.csv!$B49 -> 0.155 | E57: =output.csv!E49 / output.csv!$B49 -> 0.025 | F57: =output.csv!F49 / output.csv!$B49 -> 0.018 | G57: =output.csv!G49 / output.csv!$B49 -> 0.019 | H57: =output.csv!H49 / output.csv!$B49 -> 0.017 | I57: =output.csv!I49 / output.csv!$B49 -> 0.015 | J57: =output.csv!J49 / output.csv!$B49 -> 0.023 | ... AR57: =output.csv!AR49 / output.csv!$B49 -> 0.026
A58: =output.csv!A50 -> Waits | B58: =output.csv!B50 -> 1000 | C58: =output.csv!C50 / output.csv!$B50 -> 0.06 | D58: =output.csv!D50 / output.csv!$B50 -> 0.179 | E58: =output.csv!E50 / output.csv!$B50 -> 0.028 | F58: =output.csv!F50 / output.csv!$B50 -> 0.015 | G58: =output.csv!G50 / output.csv!$B50 -> 0.014 | H58: =output.csv!H50 / output.csv!$B50 -> 0.014 | I58: =output.csv!I50 / output.csv!$B50 -> 0.017 | J58: =output.csv!J50 / output.csv!$B50 -> 0.017 | ... AR58: =output.csv!AR50 / output.csv!$B50 -> 0.02
A59: =output.csv!A51 -> Waits | B59: =output.csv!B51 -> 1000 | C59: =output.csv!C51 / output.csv!$B51 -> 0.049 | D59: =output.csv!D51 / output.csv!$B51 -> 0.176 | E59: =output.csv!E51 / output.csv!$B51 -> 0.022 | F59: =output.csv!F51 / output.csv!$B51 -> 0.018 | G59: =output.csv!G51 / output.csv!$B51 -> 0.013 | H59: =output.csv!H51 / output.csv!$B51 -> 0.01 | I59: =output.csv!I51 / output.csv!$B51 -> 0.022 | J59: =output.csv!J51 / output.csv!$B51 -> 0.022 | ... AR59: =output.csv!AR51 / output.csv!$B51 -> 0.029
B60: Average | C60: =AVERAGE(C50:C59) -> 0.0494 | D60: =AVERAGE(D50:D59) -> 0.1624 | E60: =AVERAGE(E50:E59) -> 0.0283 | F60: =AVERAGE(F50:F59) -> 0.0169 | G60: =AVERAGE(G50:G59) -> 0.0158 | H60: =AVERAGE(H50:H59) -> 0.0166 | I60: =AVERAGE(I50:I59) -> 0.0171 | J60: =AVERAGE(J50:J59) -> 0.023 | ... AR60: =AVERAGE(AR50:AR59) -> 0.0212
B61: Standard Deviation | C61: =_xlfn.stdev.s(C50:C59)*100 -> 0.50155314 | D61: =_xlfn.stdev.s(D50:D59)*100 -> 1.4848868 | E61: =_xlfn.stdev.s(E50:E59)*100 -> 0.47387293 | F61: =_xlfn.stdev.s(F50:F59)*100 -> 0.42804465 | G61: =_xlfn.stdev.s(G50:G59)*100 -> 0.24404007 | H61: =_xlfn.stdev.s(H50:H59)*100 -> 0.4376706 | I61: =_xlfn.stdev.s(I50:I59)*100 -> 0.33482997 | J61: =_xlfn.stdev.s(J50:J59)*100 -> 0.34960295 | ... AR61: =_xlfn.stdev.s(AR50:AR59)*100 -> 0.48716869
A62: =output.csv!A52 -> Waits | B62: =output.csv!B52 -> 10000 | C62: =output.csv!C52 / output.csv!$B52 -> 0.0467 | D62: =output.csv!D52 / output.csv!$B52 -> 0.1574 | E62: =output.csv!E52 / output.csv!$B52 -> 0.027 | F62: =output.csv!F52 / output.csv!$B52 -> 0.0175 | G62: =output.csv!G52 / output.csv!$B52 -> 0.0154 | H62: =output.csv!H52 / output.csv!$B52 -> 0.0172 | I62: =output.csv!I52 / output.csv!$B52 -> 0.0189 | J62: =output.csv!J52 / output.csv!$B52 -> 0.0251 | ... AR62: =output.csv!AR52 / output.csv!$B52 -> 0.0227
A63: =output.csv!A53 -> Waits | B63: =output.csv!B53 -> 10000 | C63: =output.csv!C53 / output.csv!$B53 -> 0.0498 | D63: =output.csv!D53 / output.csv!$B53 -> 0.1558 | E63: =output.csv!E53 / output.csv!$B53 -> 0.0275 | F63: =output.csv!F53 / output.csv!$B53 -> 0.0164 | G63: =output.csv!G53 / output.csv!$B53 -> 0.0159 | H63: =output.csv!H53 / output.csv!$B53 -> 0.0177 | I63: =output.csv!I53 / output.csv!$B53 -> 0.018 | J63: =output.csv!J53 / output.csv!$B53 -> 0.0247 | ... AR63: =output.csv!AR53 / output.csv!$B53 -> 0.0225
A64: =output.csv!A54 -> Waits | B64: =output.csv!B54 -> 10000 | C64: =output.csv!C54 / output.csv!$B54 -> 0.0484 | D64: =output.csv!D54 / output.csv!$B54 -> 0.1654 | E64: =output.csv!E54 / output.csv!$B54 -> 0.0264 | F64: =output.csv!F54 / output.csv!$B54 -> 0.0156 | G64: =output.csv!G54 / output.csv!$B54 -> 0.0147 | H64: =output.csv!H54 / output.csv!$B54 -> 0.0179 | I64: =output.csv!I54 / output.csv!$B54 -> 0.018 | J64: =output.csv!J54 / output.csv!$B54 -> 0.0245 | ... AR64: =output.csv!AR54 / output.csv!$B54 -> 0.0195
A65: =output.csv!A55 -> Waits | B65: =output.csv!B55 -> 10000 | C65: =output.csv!C55 / output.csv!$B55 -> 0.0459 | D65: =output.csv!D55 / output.csv!$B55 -> 0.1582 | E65: =output.csv!E55 / output.csv!$B55 -> 0.0281 | F65: =output.csv!F55 / output.csv!$B55 -> 0.0186 | G65: =output.csv!G55 / output.csv!$B55 -> 0.0155 | H65: =output.csv!H55 / output.csv!$B55 -> 0.0175 | I65: =output.csv!I55 / output.csv!$B55 -> 0.0196 | J65: =output.csv!J55 / output.csv!$B55 -> 0.025 | ... AR65: =output.csv!AR55 / output.csv!$B55 -> 0.0212
A66: =output.csv!A56 -> Waits | B66: =output.csv!B56 -> 10000 | C66: =output.csv!C56 / output.csv!$B56 -> 0.045 | D66: =output.csv!D56 / output.csv!$B56 -> 0.1621 | E66: =output.csv!E56 / output.csv!$B56 -> 0.0266 | F66: =output.csv!F56 / output.csv!$B56 -> 0.018 | G66: =output.csv!G56 / output.csv!$B56 -> 0.0155 | H66: =output.csv!H56 / output.csv!$B56 -> 0.0162 | I66: =output.csv!I56 / output.csv!$B56 -> 0.018 | J66: =output.csv!J56 / output.csv!$B56 -> 0.024 | ... AR66: =output.csv!AR56 / output.csv!$B56 -> 0.0214
A67: =output.csv!A57 -> Waits | B67: =output.csv!B57 -> 10000 | C67: =output.csv!C57 / output.csv!$B57 -> 0.0462 | D67: =output.csv!D57 / output.csv!$B57 -> 0.1491 | E67: =output.csv!E57 / output.csv!$B57 -> 0.0234 | F67: =output.csv!F57 / output.csv!$B57 -> 0.0175 | G67: =output.csv!G57 / output.csv!$B57 -> 0.0146 | H67: =output.csv!H57 / output.csv!$B57 -> 0.0192 | I67: =output.csv!I57 / output.csv!$B57 -> 0.0198 | J67: =output.csv!J57 / output.csv!$B57 -> 0.0234 | ... AR67: =output.csv!AR57 / output.csv!$B57 -> 0.0239
A68: =output.csv!A58 -> Waits | B68: =output.csv!B58 -> 10000 | C68: =output.csv!C58 / output.csv!$B58 -> 0.0468 | D68: =output.csv!D58 / output.csv!$B58 -> 0.1581 | E68: =output.csv!E58 / output.csv!$B58 -> 0.0257 | F68: =output.csv!F58 / output.csv!$B58 -> 0.0199 | G68: =output.csv!G58 / output.csv!$B58 -> 0.0142 | H68: =output.csv!H58 / output.csv!$B58 -> 0.0153 | I68: =output.csv!I58 / output.csv!$B58 -> 0.0207 | J68: =output.csv!J58 / output.csv!$B58 -> 0.0225 | ... AR68: =output.csv!AR58 / output.csv!$B58 -> 0.0221
A69: =output.csv!A59 -> Waits | B69: =output.csv!B59 -> 10000 | C69: =output.csv!C59 / output.csv!$B59 -> 0.0458 | D69: =output.csv!D59 / output.csv!$B59 -> 0.1567 | E69: =output.csv!E59 / output.csv!$B59 -> 0.0269 | F69: =output.csv!F59 / output.csv!$B59 -> 0.0176 | G69: =output.csv!G59 / output.csv!$B59 -> 0.0159 | H69: =output.csv!H59 / output.csv!$B59 -> 0.0173 | I69: =output.csv!I59 / output.csv!$B59 -> 0.0173 | J69: =output.csv!J59 / output.csv!$B59 -> 0.0237 | ... AR69: =output.csv!AR59 / output.csv!$B59 -> 0.0219
A70: =output.csv!A60 -> Waits | B70: =output.csv!B60 -> 10000 | C70: =output.csv!C60 / output.csv!$B60 -> 0.0469 | D70: =output.csv!D60 / output.csv!$B60 -> 0.1554 | E70: =output.csv!E60 / output.csv!$B60 -> 0.0264 | F70: =output.csv!F60 / output.csv!$B60 -> 0.0172 | G70: =output.csv!G60 / output.csv!$B60 -> 0.0158 | H70: =output.csv!H60 / output.csv!$B60 -> 0.0187 | I70: =output.csv!I60 / output.csv!$B60 -> 0.0185 | J70: =output.csv!J60 / output.csv!$B60 -> 0.0232 | ... AR70: =output.csv!AR60 / output.csv!$B60 -> 0.0216
A71: =output.csv!A61 -> Waits | B71: =output.csv!B61 -> 10000 | C71: =output.csv!C61 / output.csv!$B61 -> 0.0474 | D71: =output.csv!D61 / output.csv!$B61 -> 0.1583 | E71: =output.csv!E61 / output.csv!$B61 -> 0.0269 | F71: =output.csv!F61 / output.csv!$B61 -> 0.0159 | G71: =output.csv!G61 / output.csv!$B61 -> 0.0151 | H71: =output.csv!H61 / output.csv!$B61 -> 0.0194 | I71: =output.csv!I61 / output.csv!$B61 -> 0.0194 | J71: =output.csv!J61 / output.csv!$B61 -> 0.024 | ... AR71: =output.csv!AR61 / output.csv!$B61 -> 0.0193
B72: Average | C72: =AVERAGE(C62:C71) -> 0.04689 | D72: =AVERAGE(D62:D71) -> 0.15765 | E72: =AVERAGE(E62:E71) -> 0.02649 | F72: =AVERAGE(F62:F71) -> 0.01742 | G72: =AVERAGE(G62:G71) -> 0.01526 | H72: =AVERAGE(H62:H71) -> 0.01764 | I72: =AVERAGE(I62:I71) -> 0.01882 | J72: =AVERAGE(J62:J71) -> 0.02401 | ... AR72: =AVERAGE(AR62:AR71) -> 0.02161
B73: Standard Deviation | C73: =_xlfn.stdev.s(C62:C71)*100 -> 0.13851995 | D73: =_xlfn.stdev.s(D62:D71)*100 -> 0.42602165 | E73: =_xlfn.stdev.s(E62:E71)*100 -> 0.12653063 | F73: =_xlfn.stdev.s(F62:F71)*100 -> 0.12752342 | G73: =_xlfn.stdev.s(G62:G71)*100 -> 0.059104427 | H73: =_xlfn.stdev.s(H62:H71)*100 -> 0.12738393 | I73: =_xlfn.stdev.s(I62:I71)*100 -> 0.10475368 | J73: =_xlfn.stdev.s(J62:J71)*100 -> 0.083592929 | ... AR73: =_xlfn.stdev.s(AR62:AR71)*100 -> 0.13963842
A74: =output.csv!A62 -> Waits | B74: =output.csv!B62 -> 100000 | C74: =output.csv!C62 / output.csv!$B62 -> 0.0468 | D74: =output.csv!D62 / output.csv!$B62 -> 0.15793 | E74: =output.csv!E62 / output.csv!$B62 -> 0.02646 | F74: =output.csv!F62 / output.csv!$B62 -> 0.01748 | G74: =output.csv!G62 / output.csv!$B62 -> 0.01518 | H74: =output.csv!H62 / output.csv!$B62 -> 0.0173 | I74: =output.csv!I62 / output.csv!$B62 -> 0.01833 | J74: =output.csv!J62 / output.csv!$B62 -> 0.02409 | ... AR74: =output.csv!AR62 / output.csv!$B62 -> 0.02142
A75: =output.csv!A63 -> Waits | B75: =output.csv!B63 -> 100000 | C75: =output.csv!C63 / output.csv!$B63 -> 0.04695 | D75: =output.csv!D63 / output.csv!$B63 -> 0.15694 | E75: =output.csv!E63 / output.csv!$B63 -> 0.02696 | F75: =output.csv!F63 / output.csv!$B63 -> 0.01708 | G75: =output.csv!G63 / output.csv!$B63 -> 0.01483 | H75: =output.csv!H63 / output.csv!$B63 -> 0.01714 | I75: =output.csv!I63 / output.csv!$B63 -> 0.01835 | J75: =output.csv!J63 / output.csv!$B63 -> 0.02497 | ... AR75: =output.csv!AR63 / output.csv!$B63 -> 0.02195
A76: =output.csv!A64 -> Waits | B76: =output.csv!B64 -> 100000 | C76: =output.csv!C64 / output.csv!$B64 -> 0.04686 | D76: =output.csv!D64 / output.csv!$B64 -> 0.15678 | E76: =output.csv!E64 / output.csv!$B64 -> 0.02725 | F76: =output.csv!F64 / output.csv!$B64 -> 0.017 | G76: =output.csv!G64 / output.csv!$B64 -> 0.01502 | H76: =output.csv!H64 / output.csv!$B64 -> 0.01749 | I76: =output.csv!I64 / output.csv!$B64 -> 0.01804 | J76: =output.csv!J64 / output.csv!$B64 -> 0.02386 | ... AR76: =output.csv!AR64 / output.csv!$B64 -> 0.02207
A77: =output.csv!A65 -> Waits | B77: =output.csv!B65 -> 100000 | C77: =output.csv!C65 / output.csv!$B65 -> 0.04659 | D77: =output.csv!D65 / output.csv!$B65 -> 0.15684 | E77: =output.csv!E65 / output.csv!$B65 -> 0.02554 | F77: =output.csv!F65 / output.csv!$B65 -> 0.01751 | G77: =output.csv!G65 / output.csv!$B65 -> 0.01539 | H77: =output.csv!H65 / output.csv!$B65 -> 0.01804 | I77: =output.csv!I65 / output.csv!$B65 -> 0.01841 | J77: =output.csv!J65 / output.csv!$B65 -> 0.02372 | ... AR77: =output.csv!AR65 / output.csv!$B65 -> 0.02212
A78: =output.csv!A66 -> Waits | B78: =output.csv!B66 -> 100000 | C78: =output.csv!C66 / output.csv!$B66 -> 0.04671 | D78: =output.csv!D66 / output.csv!$B66 -> 0.15634 | E78: =output.csv!E66 / output.csv!$B66 -> 0.02606 | F78: =output.csv!F66 / output.csv!$B66 -> 0.01746 | G78: =output.csv!G66 / output.csv!$B66 -> 0.01575 | H78: =output.csv!H66 / output.csv!$B66 -> 0.0176 | I78: =output.csv!I66 / output.csv!$B66 -> 0.01825 | J78: =output.csv!J66 / output.csv!$B66 -> 0.02409 | ... AR78: =output.csv!AR66 / output.csv!$B66 -> 0.02184
A79: =output.csv!A67 -> Waits | B79: =output.csv!B67 -> 100000 | C79: =output.csv!C67 / output.csv!$B67 -> 0.04676 | D79: =output.csv!D67 / output.csv!$B67 -> 0.15662 | E79: =output.csv!E67 / output.csv!$B67 -> 0.02641 | F79: =output.csv!F67 / output.csv!$B67 -> 0.01692 | G79: =output.csv!G67 / output.csv!$B67 -> 0.01559 | H79: =output.csv!H67 / output.csv!$B67 -> 0.01788 | I79: =output.csv!I67 / output.csv!$B67 -> 0.01891 | J79: =output.csv!J67 / output.csv!$B67 -> 0.02449 | ... AR79: =output.csv!AR67 / output.csv!$B67 -> 0.02145
A80: =output.csv!A68 -> Waits | B80: =output.csv!B68 -> 100000 | C80: =output.csv!C68 / output.csv!$B68 -> 0.04681 | D80: =output.csv!D68 / output.csv!$B68 -> 0.15693 | E80: =output.csv!E68 / output.csv!$B68 -> 0.02615 | F80: =output.csv!F68 / output.csv!$B68 -> 0.01715 | G80: =output.csv!G68 / output.csv!$B68 -> 0.01523 | H80: =output.csv!H68 / output.csv!$B68 -> 0.01725 | I80: =output.csv!I68 / output.csv!$B68 -> 0.01953 | J80: =output.csv!J68 / output.csv!$B68 -> 0.02403 | ... AR80: =output.csv!AR68 / output.csv!$B68 -> 0.02213
A81: =output.csv!A69 -> Waits | B81: =output.csv!B69 -> 100000 | C81: =output.csv!C69 / output.csv!$B69 -> 0.04698 | D81: =output.csv!D69 / output.csv!$B69 -> 0.15782 | E81: =output.csv!E69 / output.csv!$B69 -> 0.02684 | F81: =output.csv!F69 / output.csv!$B69 -> 0.01786 | G81: =output.csv!G69 / output.csv!$B69 -> 0.01561 | H81: =output.csv!H69 / output.csv!$B69 -> 0.01668 | I81: =output.csv!I69 / output.csv!$B69 -> 0.01866 | J81: =output.csv!J69 / output.csv!$B69 -> 0.02373 | ... AR81: =output.csv!AR69 / output.csv!$B69 -> 0.02177
A82: =output.csv!A70 -> Waits | B82: =output.csv!B70 -> 100000 | C82: =output.csv!C70 / output.csv!$B70 -> 0.04641 | D82: =output.csv!D70 / output.csv!$B70 -> 0.15613 | E82: =output.csv!E70 / output.csv!$B70 -> 0.02635 | F82: =output.csv!F70 / output.csv!$B70 -> 0.0168 | G82: =output.csv!G70 / output.csv!$B70 -> 0.01552 | H82: =output.csv!H70 / output.csv!$B70 -> 0.01815 | I82: =output.csv!I70 / output.csv!$B70 -> 0.01911 | J82: =output.csv!J70 / output.csv!$B70 -> 0.02446 | ... AR82: =output.csv!AR70 / output.csv!$B70 -> 0.02237
A83: =output.csv!A71 -> Waits | B83: =output.csv!B71 -> 100000 | C83: =output.csv!C71 / output.csv!$B71 -> 0.04611 | D83: =output.csv!D71 / output.csv!$B71 -> 0.15479 | E83: =output.csv!E71 / output.csv!$B71 -> 0.02581 | F83: =output.csv!F71 / output.csv!$B71 -> 0.01754 | G83: =output.csv!G71 / output.csv!$B71 -> 0.01588 | H83: =output.csv!H71 / output.csv!$B71 -> 0.01766 | I83: =output.csv!I71 / output.csv!$B71 -> 0.01887 | J83: =output.csv!J71 / output.csv!$B71 -> 0.0243 | ... AR83: =output.csv!AR71 / output.csv!$B71 -> 0.02245
B84: Average | C84: =AVERAGE(C74:C83) -> 0.046698 | D84: =AVERAGE(D74:D83) -> 0.156712 | E84: =AVERAGE(E74:E83) -> 0.026383 | F84: =AVERAGE(F74:F83) -> 0.01728 | G84: =AVERAGE(G74:G83) -> 0.0154 | H84: =AVERAGE(H74:H83) -> 0.017519 | I84: =AVERAGE(I74:I83) -> 0.018646 | J84: =AVERAGE(J74:J83) -> 0.024174 | ... AR84: =AVERAGE(AR74:AR83) -> 0.021957
B85: Standard Deviation | C85: =_xlfn.stdev.s(C74:C83)*100 -> 0.026594903 | D85: =_xlfn.stdev.s(D74:D83)*100 -> 0.088263243 | E85: =_xlfn.stdev.s(E74:E83)*100 -> 0.052692082 | F85: =_xlfn.stdev.s(F74:F83)*100 -> 0.033740842 | G85: =_xlfn.stdev.s(G74:G83)*100 -> 0.033236526 | H85: =_xlfn.stdev.s(H74:H83)*100 -> 0.044660323 | I85: =_xlfn.stdev.s(I74:I83)*100 -> 0.045753446 | J85: =_xlfn.stdev.s(J74:J83)*100 -> 0.038984897 | ... AR85: =_xlfn.stdev.s(AR74:AR83)*100 -> 0.034593031
A86: =output.csv!A72 -> Waits | B86: =output.csv!B72 -> 1000000 | C86: =output.csv!C72 / output.csv!$B72 -> 0.046921 | D86: =output.csv!D72 / output.csv!$B72 -> 0.158324 | E86: =output.csv!E72 / output.csv!$B72 -> 0.026277 | F86: =output.csv!F72 / output.csv!$B72 -> 0.017357 | G86: =output.csv!G72 / output.csv!$B72 -> 0.015583 | H86: =output.csv!H72 / output.csv!$B72 -> 0.017449 | I86: =output.csv!I72 / output.csv!$B72 -> 0.018627 | J86: =output.csv!J72 / output.csv!$B72 -> 0.024158 | ... AR86: =output.csv!AR72 / output.csv!$B72 -> 0.021647
A87: =output.csv!A73 -> Waits | B87: =output.csv!B73 -> 1000000 | C87: =output.csv!C73 / output.csv!$B73 -> 0.04671 | D87: =output.csv!D73 / output.csv!$B73 -> 0.15691 | E87: =output.csv!E73 / output.csv!$B73 -> 0.026227 | F87: =output.csv!F73 / output.csv!$B73 -> 0.017337 | G87: =output.csv!G73 / output.csv!$B73 -> 0.015248 | H87: =output.csv!H73 / output.csv!$B73 -> 0.017608 | I87: =output.csv!I73 / output.csv!$B73 -> 0.018825 | J87: =output.csv!J73 / output.csv!$B73 -> 0.024081 | ... AR87: =output.csv!AR73 / output.csv!$B73 -> 0.022034
A88: =output.csv!A74 -> Waits | B88: =output.csv!B74 -> 1000000 | C88: =output.csv!C74 / output.csv!$B74 -> 0.046871 | D88: =output.csv!D74 / output.csv!$B74 -> 0.157594 | E88: =output.csv!E74 / output.csv!$B74 -> 0.026204 | F88: =output.csv!F74 / output.csv!$B74 -> 0.017358 | G88: =output.csv!G74 / output.csv!$B74 -> 0.015477 | H88: =output.csv!H74 / output.csv!$B74 -> 0.017605 | I88: =output.csv!I74 / output.csv!$B74 -> 0.01861 | J88: =output.csv!J74 / output.csv!$B74 -> 0.02423 | ... AR88: =output.csv!AR74 / output.csv!$B74 -> 0.02184
A89: =output.csv!A75 -> Waits | B89: =output.csv!B75 -> 1000000 | C89: =output.csv!C75 / output.csv!$B75 -> 0.046941 | D89: =output.csv!D75 / output.csv!$B75 -> 0.158177 | E89: =output.csv!E75 / output.csv!$B75 -> 0.02609 | F89: =output.csv!F75 / output.csv!$B75 -> 0.017681 | G89: =output.csv!G75 / output.csv!$B75 -> 0.015427 | H89: =output.csv!H75 / output.csv!$B75 -> 0.017502 | I89: =output.csv!I75 / output.csv!$B75 -> 0.018548 | J89: =output.csv!J75 / output.csv!$B75 -> 0.024076 | ... AR89: =output.csv!AR75 / output.csv!$B75 -> 0.021753
A90: =output.csv!A76 -> Waits | B90: =output.csv!B76 -> 1000000 | C90: =output.csv!C76 / output.csv!$B76 -> 0.046804 | D90: =output.csv!D76 / output.csv!$B76 -> 0.157926 | E90: =output.csv!E76 / output.csv!$B76 -> 0.026245 | F90: =output.csv!F76 / output.csv!$B76 -> 0.017321 | G90: =output.csv!G76 / output.csv!$B76 -> 0.015251 | H90: =output.csv!H76 / output.csv!$B76 -> 0.017309 | I90: =output.csv!I76 / output.csv!$B76 -> 0.018641 | J90: =output.csv!J76 / output.csv!$B76 -> 0.024251 | ... AR90: =output.csv!AR76 / output.csv!$B76 -> 0.021931
A91: =output.csv!A77 -> Waits | B91: =output.csv!B77 -> 1000000 | C91: =output.csv!C77 / output.csv!$B77 -> 0.046728 | D91: =output.csv!D77 / output.csv!$B77 -> 0.156816 | E91: =output.csv!E77 / output.csv!$B77 -> 0.025988 | F91: =output.csv!F77 / output.csv!$B77 -> 0.017527 | G91: =output.csv!G77 / output.csv!$B77 -> 0.015563 | H91: =output.csv!H77 / output.csv!$B77 -> 0.017674 | I91: =output.csv!I77 / output.csv!$B77 -> 0.018703 | J91: =output.csv!J77 / output.csv!$B77 -> 0.024169 | ... AR91: =output.csv!AR77 / output.csv!$B77 -> 0.021864
A92: =output.csv!A78 -> Waits | B92: =output.csv!B78 -> 1000000 | C92: =output.csv!C78 / output.csv!$B78 -> 0.046837 | D92: =output.csv!D78 / output.csv!$B78 -> 0.157015 | E92: =output.csv!E78 / output.csv!$B78 -> 0.026203 | F92: =output.csv!F78 / output.csv!$B78 -> 0.017496 | G92: =output.csv!G78 / output.csv!$B78 -> 0.015412 | H92: =output.csv!H78 / output.csv!$B78 -> 0.01734 | I92: =output.csv!I78 / output.csv!$B78 -> 0.018915 | J92: =output.csv!J78 / output.csv!$B78 -> 0.024134 | ... AR92: =output.csv!AR78 / output.csv!$B78 -> 0.021924
A93: =output.csv!A79 -> Waits | B93: =output.csv!B79 -> 1000000 | C93: =output.csv!C79 / output.csv!$B79 -> 0.046756 | D93: =output.csv!D79 / output.csv!$B79 -> 0.1575 | E93: =output.csv!E79 / output.csv!$B79 -> 0.02616 | F93: =output.csv!F79 / output.csv!$B79 -> 0.017541 | G93: =output.csv!G79 / output.csv!$B79 -> 0.015271 | H93: =output.csv!H79 / output.csv!$B79 -> 0.017596 | I93: =output.csv!I79 / output.csv!$B79 -> 0.01881 | J93: =output.csv!J79 / output.csv!$B79 -> 0.024288 | ... AR93: =output.csv!AR79 / output.csv!$B79 -> 0.021985
A94: =output.csv!A80 -> Waits | B94: =output.csv!B80 -> 1000000 | C94: =output.csv!C80 / output.csv!$B80 -> 0.046712 | D94: =output.csv!D80 / output.csv!$B80 -> 0.156741 | E94: =output.csv!E80 / output.csv!$B80 -> 0.026207 | F94: =output.csv!F80 / output.csv!$B80 -> 0.017432 | G94: =output.csv!G80 / output.csv!$B80 -> 0.0156 | H94: =output.csv!H80 / output.csv!$B80 -> 0.017519 | I94: =output.csv!I80 / output.csv!$B80 -> 0.018701 | J94: =output.csv!J80 / output.csv!$B80 -> 0.02409 | ... AR94: =output.csv!AR80 / output.csv!$B80 -> 0.022166
A95: =output.csv!A81 -> Waits | B95: =output.csv!B81 -> 1000000 | C95: =output.csv!C81 / output.csv!$B81 -> 0.046903 | D95: =output.csv!D81 / output.csv!$B81 -> 0.157669 | E95: =output.csv!E81 / output.csv!$B81 -> 0.025941 | F95: =output.csv!F81 / output.csv!$B81 -> 0.017321 | G95: =output.csv!G81 / output.csv!$B81 -> 0.015343 | H95: =output.csv!H81 / output.csv!$B81 -> 0.017333 | I95: =output.csv!I81 / output.csv!$B81 -> 0.018934 | J95: =output.csv!J81 / output.csv!$B81 -> 0.024163 | ... AR95: =output.csv!AR81 / output.csv!$B81 -> 0.021949
A96: =output.csv!A82 | B96: Average | C96: =AVERAGE(C86:C95) -> 0.0468183 | D96: =AVERAGE(D86:D95) -> 0.1574672 | E96: =AVERAGE(E86:E95) -> 0.0261542 | F96: =AVERAGE(F86:F95) -> 0.0174371 | G96: =AVERAGE(G86:G95) -> 0.0154175 | H96: =AVERAGE(H86:H95) -> 0.0174935 | I96: =AVERAGE(I86:I95) -> 0.0187314 | J96: =AVERAGE(J86:J95) -> 0.024164 | ... AR96: =AVERAGE(AR86:AR95) -> 0.0219093
B97: Standard Deviation | C97: =_xlfn.stdev.s(C86:C95)*100 -> 0.0088926999 | D97: =_xlfn.stdev.s(D86:D95)*100 -> 0.057471554 | E97: =_xlfn.stdev.s(E86:E95)*100 -> 0.011230197 | F97: =_xlfn.stdev.s(F86:F95)*100 -> 0.012088144 | G97: =_xlfn.stdev.s(G86:G95)*100 -> 0.013702899 | H97: =_xlfn.stdev.s(H86:H95)*100 -> 0.013110407 | I97: =_xlfn.stdev.s(I86:I95)*100 -> 0.013286183 | J97: =_xlfn.stdev.s(J86:J95)*100 -> 0.0073312118 | ... AR97: =_xlfn.stdev.s(AR86:AR95)*100 -> 0.014511455

Sheet averagelandingpercentage
A1: Average Landing % | B1: Escapes:1000 | C1: Waits:1000 | D1: Escapes:10000 | E1: Waits:10000 | F1: Escapes:100000 | G1: Waits:100000 | H1: Escapes:1000000 | I1: Waits:1000000
A2: {=TRANSPOSE(output.csv!D1:AR1)} -> Jail | B2: {=TRANSPOSE(percentages!$D12:$AR12)} -> 0.0767 | C2: {=TRANSPOSE(percentages!$D60:$AR60)} -> 0.1624 | D2: {=TRANSPOSE(percentages!$D24:$AR24)} -> 0.08135 | E2: {=TRANSPOSE(percentages!$D72:$AR72)} -> 0.15765 | F2: {=TRANSPOSE(percentages!$D36:$AR36)} -> 0.081087 | G2: {=TRANSPOSE(percentages!$D84:$AR84)} -> 0.156712 | H2: {=TRANSPOSE(percentages!$D48:$AR48)} -> 0.0812592 | I2: {=TRANSPOSE(percentages!$D96:$AR96)} -> 0.1574672
A3: Go | B3: 0.0285 | C3: 0.0283 | D3: 0.02858 | E3: 0.02649 | F3: 0.028659 | G3: 0.026383 | H3: 0.0285097 | I3: 0.0261542
A4: Mediterranean Avenue | B4: 0.017 | C4: 0.0169 | D4: 0.01888 | E4: 0.01742 | F4: 0.019165 | G4: 0.01728 | H4: 0.0190117 | I4: 0.0174371
A5: Community Chest1 | B5: 0.0168 | C5: 0.0158 | D5: 0.01727 | E5: 0.01526 | F5: 0.016736 | G5: 0.0154 | H5: 0.016842 | I5: 0.0154175
A6: Baltic Avenue | B6: 0.0225 | C6: 0.0166 | D6: 0.01911 | E6: 0.01764 | F6: 0.019025 | G6: 0.017519 | H6: 0.0190669 | I6: 0.0174935
A7: Income Tax | B7: 0.0211 | C7: 0.0171 | D7: 0.02127 | E7: 0.01882 | F7: 0.020537 | G7: 0.018646 | H7: 0.0204118 | I7: 0.0187314
A8: Reading Railroad | B8: 0.0275 | C8: 0.023 | D8: 0.02613 | E8: 0.02401 | F8: 0.026134 | G8: 0.024174 | H8: 0.0262193 | I8: 0.024164
A9: Oriental Avenue | B9: 0.0202 | C9: 0.0183 | D9: 0.01886 | E9: 0.0174 | F9: 0.019452 | G9: 0.017711 | H9: 0.0196534 | I9: 0.0179883
A10: Chance1 | B10: 0.0085 | C10: 0.0073 | D10: 0.0087 | E10: 0.00842 | F10: 0.00863 | G10: 0.008095 | H10: 0.0086194 | I10: 0.0079138
A11: Vermont Avenue | B11: 0.0184 | C11: 0.0201 | D11: 0.01981 | E11: 0.01786 | F11: 0.019933 | G11: 0.018177 | H11: 0.0197361 | I11: 0.0181555
A12: Connecticut Avenue | B12: 0.0194 | C12: 0.018 | D12: 0.01919 | E12: 0.01776 | F12: 0.019689 | G12: 0.017899 | H12: 0.0195265 | I12: 0.0179166
A13: Just Visiting | B13: 0.0216 | C13: 0.0164 | D13: 0.0191 | E13: 0.01771 | F13: 0.018917 | G13: 0.017427 | H13: 0.0190424 | I13: 0.017525
A14: St. Charles Place | B14: 0.0259 | C14: 0.0197 | D14: 0.02293 | E14: 0.02126 | F14: 0.023053 | G14: 0.021399 | H14: 0.0230722 | I14: 0.0212772
... A42: Boardwalk | B42: 0.0246 | C42: 0.0212 | D42: 0.0239 | E42: 0.02161 | F42: 0.023767 | G42: 0.021957 | H42: 0.0238451 | I42: 0.0219093

Sheet standarddeviationpercentagepoin
A1: Standard Deviation In Percentage Points | B1: Escapes:1000 | C1: Waits:1000 | D1: Escapes:10000 | E1: Waits:10000 | F1: Escapes:100000 | G1: Waits:100000 | H1: Escapes:1000000 | I1: Waits:1000000
A2: {=TRANSPOSE(output.csv!D1:AR1)} -> Jail | B2: {=TRANSPOSE(percentages!$D13:$AR13)} -> 0.39735235 | C2: {=TRANSPOSE(percentages!$D61:$AR61)} -> 1.4848868 | D2: {=TRANSPOSE(percentages!$D25:$AR25)} -> 0.21691012 | E2: {=TRANSPOSE(percentages!$D73:$AR73)} -> 0.42602165 | F2: {=TRANSPOSE(percentages!$D37:$AR37)} -> 0.062418035 | G2: {=TRANSPOSE(percentages!$D85:$AR85)} -> 0.088263243 | H2: {=TRANSPOSE(percentages!$D49:$AR49)} -> 0.018127499 | I2: {=TRANSPOSE(percentages!$D97:$AR97)} -> 0.057471554
A3: Go | B3: 0.64334197 | C3: 0.47387293 | D3: 0.078711851 | E3: 0.12653063 | F3: 0.024632634 | G3: 0.052692082 | H3: 0.011726992 | I3: 0.011230197
A4: Mediterranean Avenue | B4: 0.42687495 | C4: 0.42804465 | D4: 0.17849992 | E4: 0.12752342 | F4: 0.030909366 | G4: 0.033740842 | H4: 0.0099449652 | I4: 0.012088144
A5: Community Chest1 | B5: 0.39665266 | C5: 0.24404007 | D5: 0.092020529 | E5: 0.059104427 | F5: 0.044756626 | G5: 0.033236526 | H5: 0.010280726 | I5: 0.013702899
A6: Baltic Avenue | B6: 0.35355339 | C6: 0.4376706 | D6: 0.13924 | E6: 0.12738393 | F6: 0.047965844 | G6: 0.044660323 | H6: 0.016062064 | I6: 0.013110407
A7: Income Tax | B7: 0.32128215 | C7: 0.33482997 | D7: 0.14659468 | E7: 0.10475368 | F7: 0.033964197 | G7: 0.045753446 | H7: 0.014918877 | I7: 0.013286183
A8: Reading Railroad | B8: 0.38369548 | C8: 0.34960295 | D8: 0.1312377 | E8: 0.083592929 | F8: 0.036533698 | G8: 0.038984897 | H8: 0.010394769 | I8: 0.0073312118
A9: Oriental Avenue | B9: 0.26997942 | C9: 0.33349996 | D9: 0.091796877 | E9: 0.13490738 | F9: 0.019509542 | G9: 0.037017864 | H9: 0.012021388 | I9: 0.0098268397
A10: Chance1 | B10: 0.31358146 | C10: 0.30930029 | D10: 0.098994949 | E10: 0.065962953 | F10: 0.025612497 | G10: 0.029609495 | H10: 0.0071726642 | I10: 0.010605638
A11: Vermont Avenue | B11: 0.31692972 | C11: 0.30349812 | D11: 0.093624546 | E11: 0.16965324 | F11: 0.043550864 | G11: 0.032041813 | H11: 0.015183064 | I11: 0.012534597
A12: Connecticut Avenue | B12: 0.39777157 | C12: 0.22607767 | D12: 0.10332796 | E12: 0.14607456 | F12: 0.040322175 | G12: 0.022263323 | H12: 0.012448137 | I12: 0.017536704
A13: Just Visiting | B13: 0.54812813 | C13: 0.34058773 | D13: 0.13482499 | E13: 0.12160501 | F13: 0.04291089 | G13: 0.043751952 | H13: 0.010955587 | I13: 0.014442145
A14: St. Charles Place | B14: 0.48864893 | C14: 0.54984846 | D14: 0.18672916 | E14: 0.1268595 | F14: 0.046466356 | G14: 0.027977968 | H14: 0.0067281828 | I14: 0.011530134
... A42: Boardwalk | B42: 0.31692972 | C42: 0.48716869 | D42: 0.13080945 | E42: 0.13963842 | F42: 0.037921117 | G42: 0.034593031 | H42: 0.0098063981 | I42: 0.014511455

Sheet averagelandingtable
A1: Tile Number | B1: Tile | C1: Escapes:1000 | D1: Waits:1000 | E1: Escapes:10000 | F1: Waits:10000 | G1: Escapes:100000 | H1: Waits:100000 | I1: Escapes:1000000 | J1: Waits:1000000
A2: 1 | B2: Jail | C2: 0.0767 | D2: 0.1624 | E2: 0.08135 | F2: 0.15765 | G2: 0.081087 | H2: 0.156712 | I2: 0.0812592 | J2: 0.1574672
A3: 2 | B3: Go | C3: 0.0285 | D3: 0.0283 | E3: 0.02858 | F3: 0.02649 | G3: 0.028659 | H3: 0.026383 | I3: 0.0285097 | J3: 0.0261542
A4: 3 | B4: Mediterranean Avenue | C4: 0.017 | D4: 0.0169 | E4: 0.01888 | F4: 0.01742 | G4: 0.019165 | H4: 0.01728 | I4: 0.0190117 | J4: 0.0174371
A5: 4 | B5: Community Chest1 | C5: 0.0168 | D5: 0.0158 | E5: 0.01727 | F5: 0.01526 | G5: 0.016736 | H5: 0.0154 | I5: 0.016842 | J5: 0.0154175
A6: 5 | B6: Baltic Avenue | C6: 0.0225 | D6: 0.0166 | E6: 0.01911 | F6: 0.01764 | G6: 0.019025 | H6: 0.017519 | I6: 0.0190669 | J6: 0.0174935
A7: 6 | B7: Income Tax | C7: 0.0211 | D7: 0.0171 | E7: 0.02127 | F7: 0.01882 | G7: 0.020537 | H7: 0.018646 | I7: 0.0204118 | J7: 0.0187314
A8: 7 | B8: Reading Railroad | C8: 0.0275 | D8: 0.023 | E8: 0.02613 | F8: 0.02401 | G8: 0.026134 | H8: 0.024174 | I8: 0.0262193 | J8: 0.024164
A9: 8 | B9: Oriental Avenue | C9: 0.0202 | D9: 0.0183 | E9: 0.01886 | F9: 0.0174 | G9: 0.019452 | H9: 0.017711 | I9: 0.0196534 | J9: 0.0179883
A10: 9 | B10: Chance1 | C10: 0.0085 | D10: 0.0073 | E10: 0.0087 | F10: 0.00842 | G10: 0.00863 | H10: 0.008095 | I10: 0.0086194 | J10: 0.0079138
A11: 10 | B11: Vermont Avenue | C11: 0.0184 | D11: 0.0201 | E11: 0.01981 | F11: 0.01786 | G11: 0.019933 | H11: 0.018177 | I11: 0.0197361 | J11: 0.0181555
A12: 11 | B12: Connecticut Avenue | C12: 0.0194 | D12: 0.018 | E12: 0.01919 | F12: 0.01776 | G12: 0.019689 | H12: 0.017899 | I12: 0.0195265 | J12: 0.0179166
A13: 12 | B13: Just Visiting | C13: 0.0216 | D13: 0.0164 | E13: 0.0191 | F13: 0.01771 | G13: 0.018917 | H13: 0.017427 | I13: 0.0190424 | J13: 0.017525
... A42: 41 | B42: Boardwalk | C42: 0.0246 | D42: 0.0212 | E42: 0.0239 | F42: 0.02161 | G42: 0.023767 | H42: 0.021957 | I42: 0.0238451 | J42: 0.0219093

Sheet tilerankings
A1: Rank | B1: Escapes:1000 | C1: Waits:1000 | D1: Escapes:10000 | E1: Waits:10000 | F1: Escapes:100000 | G1: Waits:100000 | H1: Escapes:1000000 | I1: Waits:1000000 | K1: Top 5 Appearances | L1: Escapes | M1: Waits
A2: 1 | B2: Jail | C2: Jail | D2: Jail | E2: Jail | F2: Jail | G2: Jail | H2: Jail | I2: Jail | K2: Jail | L2: 4 | M2: 4
A3: 2 | B3: New York Avenue | C3: New York Avenue | D3: New York Avenue | E3: Tennessee Avenue | F3: New York Avenue | G3: Tennessee Avenue | H3: New York Avenue | I3: Tennessee Avenue | K3: New York Avenue | L3: 4 | M3: 3
A4: 3 | B4: Tennessee Avenue | C4: Tennessee Avenue | D4: Illinois Avenue | E4: Illinois Avenue | F4: Tennessee Avenue | G4: Illinois Avenue | H4: Illinois Avenue | I4: Free Parking | K4: Tennessee Avenue | L4: 4 | M4: 4
A5: 4 | B5: B. & O. Railroad | C5: Illinois Avenue | D5: Tennessee Avenue | E5: Free Parking | F5: Illinois Avenue | G5: Free Parking | H5: Tennessee Avenue | I5: Illinois Avenue | K5: B. & O. Railroad | L5: 4 | M5: 0
A6: 5 | B6: St. James Place | C6: Free Parking | D6: B. & O. Railroad | E6: St. James Place | F6: B. & O. Railroad | G6: New York Avenue | H6: B. & O. Railroad | I6: New York Avenue | K6: St. James Place | L6: 1 | M6: 1
A7: 6 | B7: North Carolina Avenue | C7: Go | D7: Free Parking | E7: B. & O. Railroad | F7: Free Parking | G7: B. & O. Railroad | H7: Free Parking | I7: B. & O. Railroad | K7: Illinois Avenue | L7: 3 | M7: 4
A8: 7 | B8: Illinois Avenue | C8: B. & O. Railroad | D8: Kentucky Avenue | E8: New York Avenue | F8: St. James Place | G8: St. James Place | H8: St. James Place | I8: St. James Place | K8: Free Parking | L8: 0 | M8: 4
A9: 8 | B9: Go | C9: St. James Place | D9: Community Chest2 | E9: Kentucky Avenue | F9: Pennsylvania Railroad | G9: Go | H9: Pennsylvania Railroad | I9: Go
A10: 9 | B10: Free Parking | C10: Pennsylvania Railroad | D10: St. James Place | E10: Go | F10: Kentucky Avenue | G10: Kentucky Avenue | H10: Kentucky Avenue | I10: Kentucky Avenue | K10: Top 5 For Large N | L10: Escapes:100000 | M10: Escapes:1000000 | N10: Waits:100000 | O10: Waits:1000000
A11: 10 | B11: Water Works | C11: Virginia Avenue | D11: Pennsylvania Railroad | E11: Water Works | F11: Go | G11: Pennsylvania Railroad | H11: Community Chest2 | I11: Water Works | L11: Jail | M11: Jail | N11: Jail | O11: Jail
A12: 11 | B12: Ventnor Avenue | C12: Water Works | D12: Go | E12: Pennsylvania Railroad | F12: Community Chest2 | G12: Water Works | H12: Go | I12: Pennsylvania Railroad | L12: New York Avenue | M12: New York Avenue | N12: Tennessee Avenue | O12: Tennessee Avenue
A13: 12 | B13: Reading Railroad | C13: Atlantic Avenue | D13: Water Works | E13: Atlantic Avenue | F13: Water Works | G13: Atlantic Avenue | H13: Water Works | I13: Atlantic Avenue | L13: Tennessee Avenue | M13: Illinois Avenue | N13: Illinois Avenue | O13: Free Parking
A14: 13 | B14: Pennsylvania Railroad | C14: Pacific Avenue | D14: Atlantic Avenue | E14: Virginia Avenue | F14: Atlantic Avenue | G14: Reading Railroad | H14: Atlantic Avenue | I14: Indiana Avenue | L14: Illinois Avenue | M14: Tennessee Avenue | N14: Free Parking | O14: Illinois Avenue
A15: 14 | B15: Atlantic Avenue | C15: Indiana Avenue | D15: Indiana Avenue | E15: Indiana Avenue | F15: Indiana Avenue | G15: Community Chest2 | H15: Indiana Avenue | I15: Ventnor Avenue | L15: B. & O. Railroad | M15: B. & O. Railroad | N15: New York Avenue | O15: New York Avenue
A16: 15 | B16: Community Chest2 | C16: Community Chest2 | D16: Reading Railroad | E16: Reading Railroad | F16: Ventnor Avenue | G16: Indiana Avenue | H16: Ventnor Avenue | I16: Reading Railroad
A17: 16 | B17: Virginia Avenue | C17: Electric Company | D17: Ventnor Avenue | E17: Ventnor Avenue | F17: Reading Railroad | G17: Ventnor Avenue | H17: Reading Railroad | I17: Community Chest2 | K17: Escape | L17: Wait
A18: 17 | B18: Indiana Avenue | C18: Marvin Gardens | D18: Pacific Avenue | E18: Community Chest2 | F18: Pacific Avenue | G18: Virginia Avenue | H18: Pacific Avenue | I18: Virginia Avenue | K18: Pennsylvania Railroad | L18: GO
A19: 18 | B19: St. Charles Place | C19: Kentucky Avenue | D19: North Carolina Avenue | E19: North Carolina Avenue | F19: North Carolina Avenue | G19: Electric Company | H19: North Carolina Avenue | I19: Electric Company | K19: Communty Chest2 | L19: Electric Company
A20: 19 | B20: Kentucky Avenue | C20: Ventnor Avenue | D20: Marvin Gardens | E20: Marvin Gardens | F20: Marvin Gardens | G20: Pacific Avenue | H20: Marvin Gardens | I20: Pacific Avenue | K20: New York Avenue | L20: Virginia Avenue
A21: 20 | B21: Pennsylvania Avenue | C21: Reading Railroad | D21: Virginia Avenue | E21: Pacific Avenue | F21: Virginia Avenue | G21: North Carolina Avenue | H21: Virginia Avenue | I21: North Carolina Avenue | K21: B. & O. Railroad | L21: Tennessee Avenue
A22: 21 | B22: Boardwalk | C22: North Carolina Avenue | D22: Boardwalk | E22: Electric Company | F22: Boardwalk | G22: Marvin Gardens | H22: Boardwalk | I22: Marvin Gardens | K22: Pacific Avenue | L22: Free Parking
A23: 22 | B23: Marvin Gardens | C23: Pennsylvania Avenue | D23: Pennsylvania Avenue | E23: Pennsylvania Avenue | F23: Pennsylvania Avenue | G23: Boardwalk | H23: Pennsylvania Avenue | I23: Boardwalk | K23: North Carolina Avenue | L23: Atlantic Avenue
A24: 23 | B24: Short Line | C24: Boardwalk | D24: Electric Company | E24: Boardwalk | F24: Electric Company | G24: Pennsylvania Avenue | H24: Electric Company | I24: Pennsylvania Avenue | K24: Boardwalk | L24: Water Works
A25: 24 | B25: Pacific Avenue | C25: Short Line | D25: St. Charles Place | E25: St. Charles Place | F25: St. Charles Place | G25: St. Charles Place | H25: St. Charles Place | I25: St. Charles Place
A26: 25 | B26: Baltic Avenue | C26: Vermont Avenue | D26: Short Line | E26: Community Chest3 | F26: Community Chest3 | G26: Short Line | H26: Short Line | I26: Short Line
A27: 26 | B27: Electric Company | C27: States Avenue | D27: Community Chest3 | E27: Short Line | F27: Short Line | G27: Community Chest3 | H27: Community Chest3 | I27: Community Chest3 | K27: Tiles Jumped to By Cards | M27: Tiles Near Jail | N27: Parity | O27: Jump | P27: Higher Rank Above n=100,000
A28: 27 | B28: States Avenue | C28: St. Charles Place | D28: States Avenue | E28: States Avenue | F28: States Avenue | G28: States Avenue | H28: States Avenue | I28: States Avenue | K28: Boardwalk | M28: St. Charles Place | N28: Odd | O28: Yes | P28: -
A29: 28 | B29: Just Visiting | C29: Luxury Tax | D29: Income Tax | E29: Income Tax | F29: Income Tax | G29: Income Tax | H29: Income Tax | I29: Income Tax | K29: Go | M29: Electric Company | N29: Even | O29: Yes | P29: B
A30: 29 | B30: Income Tax | C30: Park Place | D30: Luxury Tax | E30: Luxury Tax | F30: Luxury Tax | G30: Luxury Tax | H30: Luxury Tax | I30: Luxury Tax | K30: Illinois Avenue | M30: States Avenue | N30: Odd | P30: -
A31: 30 | B31: Community Chest3 | C31: Community Chest3 | D31: Vermont Avenue | E31: Vermont Avenue | F31: Vermont Avenue | G31: Park Place | H31: Park Place | I31: Vermont Avenue | K31: St. Charles Place | M31: Virginia Avenue | N31: Even | P31: B
A32: 31 | B32: Oriental Avenue | C32: Oriental Avenue | D32: Park Place | E32: Connecticut Avenue | F32: Park Place | G32: Vermont Avenue | H32: Vermont Avenue | I32: Park Place | K32: Reading Railroad | M32: Pennsylvania Railroad | N32: Odd | O32: Yes | P32: A
A33: 32 | B33: Park Place | C33: Connecticut Avenue | D33: Connecticut Avenue | E33: Just Visiting | F33: Connecticut Avenue | G33: Connecticut Avenue | H33: Oriental Avenue | I33: Oriental Avenue | K33: Pennsylvania Railroad | M33: St. James Place | N33: Even | P33: -
A34: 33 | B34: Connecticut Avenue | C34: Income Tax | D34: Baltic Avenue | E34: Baltic Avenue | F34: Oriental Avenue | G34: Oriental Avenue | H34: Connecticut Avenue | I34: Connecticut Avenue | K34: B. &. O. Railroad | M34: Community Chest 2 | N34: Odd | P34: A
A35: 34 | B35: Luxury Tax | C35: Mediterranean Avenue | D35: Just Visiting | E35: Mediterranean Avenue | F35: Mediterranean Avenue | G35: Baltic Avenue | H35: Baltic Avenue | I35: Just Visiting | K35: Electric Company | M35: Tennessee Avenue | N35: Even | P35: B
A36: 35 | B36: Vermont Avenue | C36: Baltic Avenue | D36: Mediterranean Avenue | E36: Oriental Avenue | F36: Baltic Avenue | G36: Just Visiting | H36: Just Visiting | I36: Baltic Avenue | K36: Water Works | M36: New York Avenue | N36: Odd | P36: A
A37: 36 | B37: Mediterranean Avenue | C37: Just Visiting | D37: Oriental Avenue | E37: Park Place | F37: Just Visiting | G37: Mediterranean Avenue | H37: Mediterranean Avenue | I37: Mediterranean Avenue | K37: Income Tax | M37: Free Parking | N37: Even | P37: B
A38: 37 | B38: Community Chest1 | C38: Community Chest1 | D38: Community Chest1 | E38: Community Chest1 | F38: Community Chest1 | G38: Community Chest1 | H38: Community Chest1 | I38: Community Chest1 | K38: New York Avenue | M38: Kentucky Avenue | N38: Odd | P38: -
A39: 38 | B39: Chance2 | C39: Chance2 | D39: Chance2 | E39: Chance2 | F39: Chance2 | G39: Chance2 | H39: Chance2 | I39: Chance2 | K39: Community Chest 3 | M39: Chance2 | N39: Even | P39: -
A40: 39 | B40: Chance3 | C40: Chance3 | D40: Chance3 | E40: Chance1 | F40: Chance3 | G40: Chance3 | H40: Chance3 | I40: Chance3 | K40: Jail | M40: Indiana Avenue | N40: Odd | P40: -
A41: 40 | B41: Chance1 | C41: Chance1 | D41: Chance1 | E41: Chance3 | F41: Chance1 | G41: Chance1 | H41: Chance1 | I41: Chance1 | M41: Ilinois Avenue | N41: Even | O41: Yes | P41: -
A42: 41 | B42: Go To Jail | C42: Go To Jail | D42: Go To Jail | E42: Go To Jail | F42: Go To Jail | G42: Go To Jail | H42: Go To Jail | I42: Go To Jail | M42: B. & O. Railroad | N42: Odd | O42: Yes | P42: A
M43: Atlantic Avenue | N43: Even | P43: B
M44: Ventnor Avenue | N44: Odd | P44: -
M45: Water Works | N45: Even | P45: B
M46: Marvin Gardens | N46: Odd | P46: A
